month,customer_id,segment_id,plant_id,currency,volume_t,net_sales_local,net_sales_eur,orders,deliveries,freight_local,freight_eur,order_handling_local,order_handling_eur
2024-01,C001,S2,P1,EUR,1546.18,1448948.02,1448948.02,35,91,35035.0,35035.0,30800.0,30800.0
2024-02,C001,S2,P1,EUR,1412.2,1330492.36,1330492.36,32,83,31955.0,31955.0,28160.0,28160.0
2024-03,C001,S2,P1,EUR,1404.66,1322505.34,1322505.34,32,83,31955.0,31955.0,28160.0,28160.0
2024-04,C001,S2,P1,EUR,1440.26,1355676.74,1355676.74,32,85,32725.0,32725.0,28160.0,28160.0
2024-05,C001,S2,P1,EUR,1514.23,1422333.63,1422333.63,34,89,34265.0,34265.0,29920.0,29920.0
2024-06,C001,S2,P1,EUR,1379.39,1287736.78,1287736.78,31,81,31185.0,31185.0,27280.0,27280.0
2024-07,C001,S2,P1,EUR,1173.14,1101022.61,1101022.61,26,69,26565.0,26565.0,22880.0,22880.0
2024-08,C001,S2,P1,EUR,1554.04,1452947.65,1452947.65,35,91,35035.0,35035.0,30800.0,30800.0
2024-09,C001,S2,P1,EUR,1584.33,1475478.13,1475478.13,36,93,35805.0,35805.0,31680.0,31680.0
2024-10,C001,S2,P1,EUR,1506.51,1418984.29,1418984.29,34,89,34265.0,34265.0,29920.0,29920.0
2024-11,C001,S2,P1,EUR,1651.09,1555907.74,1555907.74,37,97,37345.0,37345.0,32560.0,32560.0
2024-12,C001,S2,P1,EUR,1400.12,1310273.25,1310273.25,31,82,31570.0,31570.0,27280.0,27280.0
2025-01,C001,S2,P1,EUR,1278.48,1159200.43,1159200.43,29,75,30300.0,30300.0,26245.0,26245.0
2025-02,C001,S2,P1,EUR,1427.26,1287357.78,1287357.78,32,84,33936.0,33936.0,28960.0,28960.0
2025-03,C001,S2,P1,EUR,1552.7,1410733.76,1410733.76,35,91,36764.0,36764.0,31675.0,31675.0
2025-04,C001,S2,P1,EUR,1526.81,1376969.12,1376969.12,34,90,36360.0,36360.0,30770.0,30770.0
2025-05,C001,S2,P1,EUR,1352.63,1224788.75,1224788.75,30,79,31916.0,31916.0,27150.0,27150.0
2025-06,C001,S2,P1,EUR,1408.53,1277456.25,1277456.25,32,83,33532.0,33532.0,28960.0,28960.0
2025-07,C001,S2,P1,EUR,1227.04,1109811.31,1109811.31,28,72,29088.0,29088.0,25340.0,25340.0
2025-08,C001,S2,P1,EUR,1311.83,1182590.13,1182590.13,29,77,31108.0,31108.0,26245.0,26245.0
2025-09,C001,S2,P1,EUR,1585.01,1436775.07,1436775.07,36,93,37572.0,37572.0,32580.0,32580.0
2025-10,C001,S2,P1,EUR,1566.59,1420983.0,1420983.0,35,92,37168.0,37168.0,31675.0,31675.0
2025-11,C001,S2,P1,EUR,1563.86,1412954.01,1412954.01,35,92,37168.0,37168.0,31675.0,31675.0
2025-12,C001,S2,P1,EUR,1494.11,1348995.02,1348995.02,34,88,35552.0,35552.0,30770.0,30770.0
2024-01,C002,S4,P2,EUR,1570.13,1901497.91,1901497.91,43,106,40810.0,40810.0,37840.0,37840.0
2024-02,C002,S4,P2,EUR,1892.25,2289159.28,2289159.28,52,128,49280.0,49280.0,45760.0,45760.0
2024-03,C002,S4,P2,EUR,1707.35,2071250.64,2071250.64,47,115,44275.0,44275.0,41360.0,41360.0
2024-04,C002,S4,P2,EUR,1806.58,2200508.66,2200508.66,50,122,46970.0,46970.0,44000.0,44000.0
2024-05,C002,S4,P2,EUR,1808.8,2203164.9,2203164.9,50,122,46970.0,46970.0,44000.0,44000.0
2024-06,C002,S4,P2,EUR,1495.26,1821346.78,1821346.78,41,101,38885.0,38885.0,36080.0,36080.0
2024-07,C002,S4,P2,EUR,1517.4,1836608.69,1836608.69,42,103,39655.0,39655.0,36960.0,36960.0
2024-08,C002,S4,P2,EUR,1827.93,2210081.51,2210081.51,50,124,47740.0,47740.0,44000.0,44000.0
2024-09,C002,S4,P2,EUR,1719.63,2104993.24,2104993.24,47,116,44660.0,44660.0,41360.0,41360.0
2024-10,C002,S4,P2,EUR,1799.24,2189934.07,2189934.07,49,122,46970.0,46970.0,43120.0,43120.0
2024-11,C002,S4,P2,EUR,1866.22,2261769.77,2261769.77,51,126,48510.0,48510.0,44880.0,44880.0
2024-12,C002,S4,P2,EUR,1948.82,2375685.3,2375685.3,53,132,50820.0,50820.0,46640.0,46640.0
2025-01,C002,S4,P2,EUR,1897.52,2215453.97,2215453.97,52,128,51712.0,51712.0,47060.0,47060.0
2025-02,C002,S4,P2,EUR,1657.11,1948077.81,1948077.81,45,112,45248.0,45248.0,40725.0,40725.0
2025-03,C002,S4,P2,EUR,1863.1,2189401.36,2189401.36,51,126,50904.0,50904.0,46155.0,46155.0
2025-04,C002,S4,P2,EUR,1563.22,1845983.19,1845983.19,43,106,42824.0,42824.0,38915.0,38915.0
2025-05,C002,S4,P2,EUR,1850.51,2183510.66,2183510.66,51,125,50500.0,50500.0,46155.0,46155.0
2025-06,C002,S4,P2,EUR,1639.5,1918226.38,1918226.38,45,111,44844.0,44844.0,40725.0,40725.0
2025-07,C002,S4,P2,EUR,1590.5,1864520.15,1864520.15,44,108,43632.0,43632.0,39820.0,39820.0
2025-08,C002,S4,P2,EUR,1889.77,2215190.15,2215190.15,52,128,51712.0,51712.0,47060.0,47060.0
2025-09,C002,S4,P2,EUR,2033.55,2383820.63,2383820.63,56,137,55348.0,55348.0,50680.0,50680.0
2025-10,C002,S4,P2,EUR,2066.89,2429838.7,2429838.7,57,140,56560.0,56560.0,51585.0,51585.0
2025-11,C002,S4,P2,EUR,2008.12,2364988.95,2364988.95,55,136,54944.0,54944.0,49775.0,49775.0
2025-12,C002,S4,P2,EUR,1642.99,1934282.1,1934282.1,45,111,44844.0,44844.0,40725.0,40725.0
2024-01,C003,S4,P2,EUR,2173.28,2590997.06,2590997.06,39,124,47740.0,47740.0,34320.0,34320.0
2024-02,C003,S4,P2,EUR,2198.07,2629872.92,2629872.92,40,125,48125.0,48125.0,35200.0,35200.0
2024-03,C003,S4,P2,EUR,2206.19,2624054.87,2624054.87,40,126,48510.0,48510.0,35200.0,35200.0
2024-04,C003,S4,P2,EUR,2284.0,2723880.75,2723880.75,41,130,50050.0,50050.0,36080.0,36080.0
2024-05,C003,S4,P2,EUR,2077.48,2490987.28,2490987.28,37,118,45430.0,45430.0,32560.0,32560.0
2024-06,C003,S4,P2,EUR,2049.34,2451339.64,2451339.64,37,117,45045.0,45045.0,32560.0,32560.0
2024-07,C003,S4,P2,EUR,2101.58,2522535.32,2522535.32,38,120,46200.0,46200.0,33440.0,33440.0
2024-08,C003,S4,P2,EUR,1992.67,2367681.83,2367681.83,36,114,43890.0,43890.0,31680.0,31680.0
2024-09,C003,S4,P2,EUR,2317.92,2756546.28,2756546.28,42,132,50820.0,50820.0,36960.0,36960.0
2024-10,C003,S4,P2,EUR,2381.54,2862536.34,2862536.34,43,136,52360.0,52360.0,37840.0,37840.0
2024-11,C003,S4,P2,EUR,2401.1,2889017.23,2889017.23,43,137,52745.0,52745.0,37840.0,37840.0
2024-12,C003,S4,P2,EUR,2310.99,2751715.27,2751715.27,42,132,50820.0,50820.0,36960.0,36960.0
2025-01,C003,S4,P2,EUR,2258.68,2722933.28,2722933.28,41,129,52116.0,52116.0,37105.0,37105.0
2025-02,C003,S4,P2,EUR,2064.13,2509237.05,2509237.05,37,118,47672.0,47672.0,33485.0,33485.0
2025-03,C003,S4,P2,EUR,2337.7,2838598.59,2838598.59,42,133,53732.0,53732.0,38010.0,38010.0
2025-04,C003,S4,P2,EUR,2245.93,2735482.31,2735482.31,40,128,51712.0,51712.0,36200.0,36200.0
2025-05,C003,S4,P2,EUR,2237.07,2724885.42,2724885.42,40,127,51308.0,51308.0,36200.0,36200.0
2025-06,C003,S4,P2,EUR,2295.67,2778101.68,2778101.68,41,131,52924.0,52924.0,37105.0,37105.0
2025-07,C003,S4,P2,EUR,2086.84,2550483.1,2550483.1,38,119,48076.0,48076.0,34390.0,34390.0
2025-08,C003,S4,P2,EUR,2527.64,3043123.0,3043123.0,45,144,58176.0,58176.0,40725.0,40725.0
2025-09,C003,S4,P2,EUR,2398.82,2925973.52,2925973.52,43,137,55348.0,55348.0,38915.0,38915.0
2025-10,C003,S4,P2,EUR,2351.57,2841608.85,2841608.85,42,134,54136.0,54136.0,38010.0,38010.0
2025-11,C003,S4,P2,EUR,2393.5,2913715.09,2913715.09,43,136,54944.0,54944.0,38915.0,38915.0
2025-12,C003,S4,P2,EUR,2314.47,2787689.05,2787689.05,42,132,53328.0,53328.0,38010.0,38010.0
2024-01,C004,S1,P1,EUR,1715.77,1686391.7,1686391.7,51,79,30415.0,30415.0,44880.0,44880.0
2024-02,C004,S1,P1,EUR,1783.13,1748771.98,1748771.98,53,82,31570.0,31570.0,46640.0,46640.0
2024-03,C004,S1,P1,EUR,2005.99,1968700.08,1968700.08,59,92,35420.0,35420.0,51920.0,51920.0
2024-04,C004,S1,P1,EUR,1752.55,1710356.56,1710356.56,52,80,30800.0,30800.0,45760.0,45760.0
2024-05,C004,S1,P1,EUR,1980.61,1942479.52,1942479.52,59,91,35035.0,35035.0,51920.0,51920.0
2024-06,C004,S1,P1,EUR,1754.93,1713833.43,1713833.43,52,81,31185.0,31185.0,45760.0,45760.0
2024-07,C004,S1,P1,EUR,1739.57,1698326.72,1698326.72,51,80,30800.0,30800.0,44880.0,44880.0
2024-08,C004,S1,P1,EUR,1825.43,1793272.17,1793272.17,54,84,32340.0,32340.0,47520.0,47520.0
2024-09,C004,S1,P1,EUR,2130.06,2074802.73,2074802.73,63,98,37730.0,37730.0,55440.0,55440.0
2024-10,C004,S1,P1,EUR,2014.43,1960689.16,1960689.16,60,93,35805.0,35805.0,52800.0,52800.0
2024-11,C004,S1,P1,EUR,1892.56,1862954.76,1862954.76,56,87,33495.0,33495.0,49280.0,49280.0
2024-12,C004,S1,P1,EUR,1963.5,1925955.28,1925955.28,58,90,34650.0,34650.0,51040.0,51040.0
2025-01,C004,S1,P1,EUR,1464.26,1389523.14,1389523.14,43,67,27068.0,27068.0,38915.0,38915.0
2025-02,C004,S1,P1,EUR,1946.65,1841383.39,1841383.39,58,89,35956.0,35956.0,52490.0,52490.0
2025-03,C004,S1,P1,EUR,1874.59,1771602.01,1771602.01,55,86,34744.0,34744.0,49775.0,49775.0
2025-04,C004,S1,P1,EUR,2000.43,1887173.41,1887173.41,59,92,37168.0,37168.0,53395.0,53395.0
2025-05,C004,S1,P1,EUR,1818.65,1713629.7,1713629.7,54,84,33936.0,33936.0,48870.0,48870.0
2025-06,C004,S1,P1,EUR,1927.04,1822323.18,1822323.18,57,88,35552.0,35552.0,51585.0,51585.0
2025-07,C004,S1,P1,EUR,1504.17,1420880.23,1420880.23,44,69,27876.0,27876.0,39820.0,39820.0
2025-08,C004,S1,P1,EUR,1715.08,1626564.09,1626564.09,51,79,31916.0,31916.0,46155.0,46155.0
2025-09,C004,S1,P1,EUR,2048.39,1952914.69,1952914.69,61,94,37976.0,37976.0,55205.0,55205.0
2025-10,C004,S1,P1,EUR,2001.11,1888364.32,1888364.32,59,92,37168.0,37168.0,53395.0,53395.0
2025-11,C004,S1,P1,EUR,1969.87,1851136.9,1851136.9,58,90,36360.0,36360.0,52490.0,52490.0
2025-12,C004,S1,P1,EUR,1792.25,1690705.05,1690705.05,53,82,33128.0,33128.0,47965.0,47965.0
2024-01,C005,S1,P3,SEK,2223.21,24357912.35,2126307.22,44,108,475200.0,41482.26,442200.0,38601.55
2024-02,C005,S1,P3,SEK,2501.05,27436639.44,2398685.06,49,121,532400.0,46545.79,492450.0,43053.1
2024-03,C005,S1,P3,SEK,2760.56,30243603.43,2650134.81,55,134,589600.0,51664.46,552750.0,48435.43
2024-04,C005,S1,P3,SEK,2666.06,29098579.94,2536177.59,53,129,567600.0,49470.95,532650.0,46424.77
2024-05,C005,S1,P3,SEK,2542.05,27956978.04,2445994.04,50,123,541200.0,47350.32,502500.0,43964.41
2024-06,C005,S1,P3,SEK,2167.27,23773926.01,2083001.94,43,105,462000.0,40479.09,432150.0,37863.72
2024-07,C005,S1,P3,SEK,2141.42,23625924.61,2083966.18,42,104,457600.0,40363.41,422100.0,37232.07
2024-08,C005,S1,P3,SEK,2546.13,28174339.59,2460211.28,50,123,541200.0,47258.12,502500.0,43878.8
2024-09,C005,S1,P3,SEK,2511.18,27402693.3,2405221.92,50,121,532400.0,46730.45,502500.0,44106.03
2024-10,C005,S1,P3,SEK,2583.24,28429435.42,2492170.54,51,125,550000.0,48213.89,512550.0,44930.97
2024-11,C005,S1,P3,SEK,2832.78,30971596.5,2699402.67,56,137,602800.0,52538.46,562800.0,49052.16
2024-12,C005,S1,P3,SEK,2666.35,29441096.08,2577578.01,53,129,567600.0,49693.57,532650.0,46633.69
2025-01,C005,S1,P3,SEK,2354.79,25092669.65,2108131.67,47,114,526680.0,44248.41,486450.0,40868.54
2025-02,C005,S1,P3,SEK,2361.82,25224898.89,2125043.08,47,114,526680.0,44369.56,486450.0,40980.43
2025-03,C005,S1,P3,SEK,2466.62,26143475.84,2192196.34,49,119,549780.0,46100.44,507150.0,42525.81
2025-04,C005,S1,P3,SEK,2489.43,26527503.58,2241255.79,49,120,554400.0,46840.15,507150.0,42848.09
2025-05,C005,S1,P3,SEK,2506.67,26547225.11,2228275.2,50,121,559020.0,46922.06,517500.0,43437.02
2025-06,C005,S1,P3,SEK,2548.15,27060491.43,2284607.58,50,123,568260.0,47975.89,517500.0,43690.43
2025-07,C005,S1,P3,SEK,2137.14,22595552.26,1898562.54,42,103,475860.0,39983.53,434700.0,36525.11
2025-08,C005,S1,P3,SEK,2656.8,28160610.41,2394141.49,53,129,595980.0,50668.66,548550.0,46636.29
2025-09,C005,S1,P3,SEK,2529.61,26825943.01,2251631.95,50,122,563640.0,47309.05,517500.0,43436.29
2025-10,C005,S1,P3,SEK,2530.26,26839897.92,2262068.73,50,122,563640.0,47503.62,517500.0,43614.94
2025-11,C005,S1,P3,SEK,2727.42,28829172.64,2429213.13,54,132,609840.0,51386.54,558900.0,47094.21
2025-12,C005,S1,P3,SEK,2545.32,26941402.58,2272826.42,50,123,568260.0,47939.46,517500.0,43657.25
2024-01,C006,S2,P1,EUR,1812.23,1761625.5,1761625.5,68,113,43505.0,43505.0,59840.0,59840.0
2024-02,C006,S2,P1,EUR,1628.15,1597531.49,1597531.49,61,102,39270.0,39270.0,53680.0,53680.0
2024-03,C006,S2,P1,EUR,1897.26,1845089.84,1845089.84,71,119,45815.0,45815.0,62480.0,62480.0
2024-04,C006,S2,P1,EUR,1777.34,1731505.86,1731505.86,67,111,42735.0,42735.0,58960.0,58960.0
2024-05,C006,S2,P1,EUR,1759.02,1730328.59,1730328.59,66,110,42350.0,42350.0,58080.0,58080.0
2024-06,C006,S2,P1,EUR,1639.22,1600397.74,1600397.74,62,102,39270.0,39270.0,54560.0,54560.0
2024-07,C006,S2,P1,EUR,1630.79,1586951.5,1586951.5,61,102,39270.0,39270.0,53680.0,53680.0
2024-08,C006,S2,P1,EUR,1738.05,1703791.51,1703791.51,65,109,41965.0,41965.0,57200.0,57200.0
2024-09,C006,S2,P1,EUR,1863.68,1820307.18,1820307.18,70,116,44660.0,44660.0,61600.0,61600.0
2024-10,C006,S2,P1,EUR,2109.29,2063204.73,2063204.73,79,132,50820.0,50820.0,69520.0,69520.0
2024-11,C006,S2,P1,EUR,1799.27,1762997.34,1762997.34,68,112,43120.0,43120.0,59840.0,59840.0
2024-12,C006,S2,P1,EUR,1955.38,1899350.27,1899350.27,73,122,46970.0,46970.0,64240.0,64240.0
2025-01,C006,S2,P1,EUR,1953.86,1951538.85,1951538.85,73,122,49288.0,49288.0,66065.0,66065.0
2025-02,C006,S2,P1,EUR,1758.65,1749935.09,1749935.09,66,110,44440.0,44440.0,59730.0,59730.0
2025-03,C006,S2,P1,EUR,1988.81,1973476.34,1973476.34,75,124,50096.0,50096.0,67875.0,67875.0
2025-04,C006,S2,P1,EUR,1948.09,1930441.45,1930441.45,73,122,49288.0,49288.0,66065.0,66065.0
2025-05,C006,S2,P1,EUR,2004.22,1989497.71,1989497.71,75,125,50500.0,50500.0,67875.0,67875.0
2025-06,C006,S2,P1,EUR,1976.14,1956824.19,1956824.19,74,124,50096.0,50096.0,66970.0,66970.0
2025-07,C006,S2,P1,EUR,1655.22,1640713.21,1640713.21,62,103,41612.0,41612.0,56110.0,56110.0
2025-08,C006,S2,P1,EUR,2075.57,2069985.19,2069985.19,78,130,52520.0,52520.0,70590.0,70590.0
2025-09,C006,S2,P1,EUR,2216.25,2200570.11,2200570.11,83,139,56156.0,56156.0,75115.0,75115.0
2025-10,C006,S2,P1,EUR,1895.7,1878110.13,1878110.13,71,118,47672.0,47672.0,64255.0,64255.0
2025-11,C006,S2,P1,EUR,1985.86,1971672.33,1971672.33,75,124,50096.0,50096.0,67875.0,67875.0
2025-12,C006,S2,P1,EUR,2284.93,2253080.59,2253080.59,86,143,57772.0,57772.0,77830.0,77830.0
2024-01,C007,S2,P1,EUR,1302.77,1233658.1,1233658.1,51,64,24640.0,24640.0,44880.0,44880.0
2024-02,C007,S2,P1,EUR,1514.35,1438896.42,1438896.42,59,74,28490.0,28490.0,51920.0,51920.0
2024-03,C007,S2,P1,EUR,1648.43,1556721.92,1556721.92,64,81,31185.0,31185.0,56320.0,56320.0
2024-04,C007,S2,P1,EUR,1407.45,1338458.7,1338458.7,55,69,26565.0,26565.0,48400.0,48400.0
2024-05,C007,S2,P1,EUR,1676.96,1587038.25,1587038.25,65,82,31570.0,31570.0,57200.0,57200.0
2024-06,C007,S2,P1,EUR,1567.6,1483596.34,1483596.34,61,77,29645.0,29645.0,53680.0,53680.0
2024-07,C007,S2,P1,EUR,1358.99,1294549.89,1294549.89,53,67,25795.0,25795.0,46640.0,46640.0
2024-08,C007,S2,P1,EUR,1513.67,1429443.37,1429443.37,59,74,28490.0,28490.0,51920.0,51920.0
2024-09,C007,S2,P1,EUR,1886.57,1790675.5,1790675.5,73,93,35805.0,35805.0,64240.0,64240.0
2024-10,C007,S2,P1,EUR,1510.42,1439209.72,1439209.72,59,74,28490.0,28490.0,51920.0,51920.0
2024-11,C007,S2,P1,EUR,1492.51,1419518.79,1419518.79,58,73,28105.0,28105.0,51040.0,51040.0
2024-12,C007,S2,P1,EUR,1586.09,1504729.45,1504729.45,62,78,30030.0,30030.0,54560.0,54560.0
2025-01,C007,S2,P1,EUR,1684.9,1551016.06,1551016.06,65,83,33532.0,33532.0,58825.0,58825.0
2025-02,C007,S2,P1,EUR,1474.99,1341176.87,1341176.87,57,72,29088.0,29088.0,51585.0,51585.0
2025-03,C007,S2,P1,EUR,1723.78,1572212.14,1572212.14,67,85,34340.0,34340.0,60635.0,60635.0
2025-04,C007,S2,P1,EUR,1579.89,1451782.89,1451782.89,61,78,31512.0,31512.0,55205.0,55205.0
2025-05,C007,S2,P1,EUR,1554.8,1425841.54,1425841.54,60,76,30704.0,30704.0,54300.0,54300.0
2025-06,C007,S2,P1,EUR,1568.71,1444181.03,1444181.03,61,77,31108.0,31108.0,55205.0,55205.0
2025-07,C007,S2,P1,EUR,1495.96,1380057.08,1380057.08,58,73,29492.0,29492.0,52490.0,52490.0
2025-08,C007,S2,P1,EUR,1462.62,1339728.19,1339728.19,57,72,29088.0,29088.0,51585.0,51585.0
2025-09,C007,S2,P1,EUR,1903.15,1730896.23,1730896.23,74,93,37572.0,37572.0,66970.0,66970.0
2025-10,C007,S2,P1,EUR,1617.78,1479459.08,1479459.08,63,79,31916.0,31916.0,57015.0,57015.0
2025-11,C007,S2,P1,EUR,1858.26,1691863.11,1691863.11,72,91,36764.0,36764.0,65160.0,65160.0
2025-12,C007,S2,P1,EUR,1677.44,1543721.6,1543721.6,65,82,33128.0,33128.0,58825.0,58825.0
2024-01,C008,S3,P4,SEK,1372.01,13450097.82,1174117.05,39,67,294800.0,25734.36,391950.0,34215.01
2024-02,C008,S3,P4,SEK,1219.43,11973534.9,1046802.37,35,60,264000.0,23080.55,351750.0,30752.22
2024-03,C008,S3,P4,SEK,1415.26,13857223.34,1214257.09,41,70,308000.0,26988.9,412050.0,36106.41
2024-04,C008,S3,P4,SEK,1359.25,13299888.53,1159193.31,39,67,294800.0,25694.21,391950.0,34161.63
2024-05,C008,S3,P4,SEK,1545.83,15155245.68,1325953.06,44,76,334400.0,29257.11,442200.0,38688.68
2024-06,C008,S3,P4,SEK,1340.87,13211544.43,1157556.92,39,66,290400.0,25444.0,391950.0,34341.51
2024-07,C008,S3,P4,SEK,1120.15,11080505.4,977375.44,32,55,242000.0,21346.04,321600.0,28367.29
2024-08,C008,S3,P4,SEK,1238.19,12214673.08,1066597.37,36,61,268400.0,23436.95,361800.0,31592.73
2024-09,C008,S3,P4,SEK,1525.89,14975539.67,1314450.95,44,75,330000.0,28965.15,442200.0,38813.31
2024-10,C008,S3,P4,SEK,1357.4,13310564.33,1166825.71,39,67,294800.0,25842.65,391950.0,34358.97
2024-11,C008,S3,P4,SEK,1419.1,13986643.64,1219038.97,41,70,308000.0,26844.47,412050.0,35913.19
2024-12,C008,S3,P4,SEK,1273.07,12610080.99,1104016.9,37,63,277200.0,24268.95,371850.0,32555.59
2025-01,C008,S3,P4,SEK,1483.54,14766614.49,1240600.07,43,73,337260.0,28334.51,445050.0,37390.36
2025-02,C008,S3,P4,SEK,1396.54,13902135.75,1171169.7,40,69,318780.0,26855.26,414000.0,34876.96
2025-03,C008,S3,P4,SEK,1473.67,14691734.25,1231938.94,42,72,332640.0,27892.7,434700.0,36450.69
2025-04,C008,S3,P4,SEK,1519.15,15232641.06,1286975.42,44,75,346500.0,29275.09,455400.0,38475.84
2025-05,C008,S3,P4,SEK,1357.19,13542897.41,1136740.37,39,67,309540.0,25981.63,403650.0,33880.88
2025-06,C008,S3,P4,SEK,1379.17,13673229.07,1154375.3,40,68,314160.0,26523.26,414000.0,34952.34
2025-07,C008,S3,P4,SEK,1194.69,11976659.4,1006323.58,34,59,272580.0,22903.19,351900.0,29567.95
2025-08,C008,S3,P4,SEK,1422.79,14198498.87,1207119.26,41,70,323400.0,27494.62,424350.0,36077.13
2025-09,C008,S3,P4,SEK,1423.64,14277110.46,1198347.36,41,70,323400.0,27144.54,424350.0,35617.76
2025-10,C008,S3,P4,SEK,1577.85,15670627.5,1320721.73,45,78,360360.0,30371.17,465750.0,39253.45
2025-11,C008,S3,P4,SEK,1508.66,14978830.54,1262151.09,43,74,341880.0,28807.6,445050.0,37500.95
2025-12,C008,S3,P4,SEK,1533.32,15419196.1,1300791.83,44,75,346500.0,29231.38,455400.0,38418.38
2024-01,C009,S3,P3,SEK,2708.88,26714107.46,2331989.65,59,160,704000.0,61455.2,592950.0,51761.16
2024-02,C009,S3,P3,SEK,2385.13,23528117.72,2056977.3,52,141,620400.0,54239.3,522600.0,45689.01
2024-03,C009,S3,P3,SEK,2485.32,24497237.65,2146602.08,54,147,646800.0,56676.69,542700.0,47554.79
2024-04,C009,S3,P3,SEK,2931.97,29002506.66,2527804.02,64,173,761200.0,66344.76,643200.0,56060.1
2024-05,C009,S3,P3,SEK,2797.25,27743328.24,2427301.53,61,165,726000.0,63518.73,613050.0,53636.58
2024-06,C009,S3,P3,SEK,2695.22,26560727.45,2327173.34,58,159,699600.0,61296.91,582900.0,51071.99
2024-07,C009,S3,P3,SEK,2297.27,22913704.33,2021143.54,50,136,598400.0,52782.92,502500.0,44323.9
2024-08,C009,S3,P3,SEK,2491.47,24511477.74,2140366.55,54,147,646800.0,56479.22,542700.0,47389.1
2024-09,C009,S3,P3,SEK,2766.11,27239222.67,2390873.58,60,164,721600.0,63337.14,603000.0,52927.24
2024-10,C009,S3,P3,SEK,3021.01,29677487.07,2601576.78,65,179,787600.0,69042.3,653250.0,57264.96
2024-11,C009,S3,P3,SEK,3152.65,31055225.58,2706691.56,68,186,818400.0,71329.59,683400.0,59563.34
2024-12,C009,S3,P3,SEK,2862.19,28178534.48,2467040.32,62,169,743600.0,65102.43,623100.0,54552.62
2025-01,C009,S3,P3,SEK,2764.12,27632273.47,2321493.55,60,163,753060.0,63267.47,621000.0,52172.6
2025-02,C009,S3,P3,SEK,2919.72,29204169.92,2460272.27,63,173,799260.0,67332.75,652050.0,54931.21
2025-03,C009,S3,P3,SEK,3536.11,34964789.09,2931885.68,77,209,965580.0,80966.32,796950.0,66826.27
2025-04,C009,S3,P3,SEK,2997.84,29997044.02,2534390.34,65,177,817740.0,69089.22,672750.0,56839.3
2025-05,C009,S3,P3,SEK,2966.39,29719775.39,2494567.26,64,175,808500.0,67862.48,662400.0,55599.39
2025-06,C009,S3,P3,SEK,3389.8,33856536.61,2858370.12,73,200,924000.0,78009.57,755550.0,63788.02
2025-07,C009,S3,P3,SEK,2666.8,26820272.96,2253539.33,58,158,729960.0,61333.96,600300.0,50439.44
2025-08,C009,S3,P3,SEK,2917.81,29277895.8,2489130.17,63,172,794640.0,67558.22,652050.0,55435.59
2025-09,C009,S3,P3,SEK,3464.0,34706294.67,2913068.21,75,205,947100.0,79494.71,776250.0,65154.44
2025-10,C009,S3,P3,SEK,3667.86,36900616.96,3109986.93,79,217,1002540.0,84494.15,817650.0,68911.61
2025-11,C009,S3,P3,SEK,3188.54,31907910.7,2688634.76,69,188,868560.0,73186.89,714150.0,60175.94
2025-12,C009,S3,P3,SEK,3084.18,31049616.04,2619402.89,67,182,840840.0,70934.81,693450.0,58500.72
2024-01,C010,S1,P1,EUR,1920.14,1832002.65,1832002.65,72,78,30030.0,30030.0,63360.0,63360.0
2024-02,C010,S1,P1,EUR,2026.46,1931477.28,1931477.28,76,83,31955.0,31955.0,66880.0,66880.0
2024-03,C010,S1,P1,EUR,2099.29,2010963.65,2010963.65,79,86,33110.0,33110.0,69520.0,69520.0
2024-04,C010,S1,P1,EUR,1810.06,1721405.41,1721405.41,68,74,28490.0,28490.0,59840.0,59840.0
2024-05,C010,S1,P1,EUR,1914.68,1822025.79,1822025.79,72,78,30030.0,30030.0,63360.0,63360.0
2024-06,C010,S1,P1,EUR,2088.7,2004461.02,2004461.02,79,85,32725.0,32725.0,69520.0,69520.0
2024-07,C010,S1,P1,EUR,1758.77,1672784.3,1672784.3,66,72,27720.0,27720.0,58080.0,58080.0
2024-08,C010,S1,P1,EUR,1763.27,1688204.59,1688204.59,66,72,27720.0,27720.0,58080.0,58080.0
2024-09,C010,S1,P1,EUR,2116.19,2005817.45,2005817.45,80,86,33110.0,33110.0,70400.0,70400.0
2024-10,C010,S1,P1,EUR,2092.03,1991092.72,1991092.72,79,85,32725.0,32725.0,69520.0,69520.0
2024-11,C010,S1,P1,EUR,2327.35,2219105.17,2219105.17,88,95,36575.0,36575.0,77440.0,77440.0
2024-12,C010,S1,P1,EUR,2063.56,1960752.99,1960752.99,78,84,32340.0,32340.0,68640.0,68640.0
2025-01,C010,S1,P1,EUR,2002.25,1838739.2,1838739.2,75,82,33128.0,33128.0,67875.0,67875.0
2025-02,C010,S1,P1,EUR,2336.89,2150950.3,2150950.3,88,96,38784.0,38784.0,79640.0,79640.0
2025-03,C010,S1,P1,EUR,2419.24,2228882.59,2228882.59,91,99,39996.0,39996.0,82355.0,82355.0
2025-04,C010,S1,P1,EUR,2514.12,2317500.13,2317500.13,95,103,41612.0,41612.0,85975.0,85975.0
2025-05,C010,S1,P1,EUR,2264.51,2078973.0,2078973.0,85,93,37572.0,37572.0,76925.0,76925.0
2025-06,C010,S1,P1,EUR,2405.62,2216159.29,2216159.29,90,98,39592.0,39592.0,81450.0,81450.0
2025-07,C010,S1,P1,EUR,1919.29,1759819.84,1759819.84,72,78,31512.0,31512.0,65160.0,65160.0
2025-08,C010,S1,P1,EUR,2246.4,2068124.82,2068124.82,84,92,37168.0,37168.0,76020.0,76020.0
2025-09,C010,S1,P1,EUR,2311.41,2122108.6,2122108.6,87,94,37976.0,37976.0,78735.0,78735.0
2025-10,C010,S1,P1,EUR,2359.91,2176162.05,2176162.05,89,96,38784.0,38784.0,80545.0,80545.0
2025-11,C010,S1,P1,EUR,2581.79,2391752.74,2391752.74,97,106,42824.0,42824.0,87785.0,87785.0
2025-12,C010,S1,P1,EUR,2380.41,2185506.9,2185506.9,90,97,39188.0,39188.0,81450.0,81450.0
2024-01,C011,S1,P3,SEK,941.96,10207687.98,891073.11,37,50,220000.0,19204.75,371850.0,32460.39
2024-02,C011,S1,P3,SEK,871.22,9454060.53,826533.94,34,46,202400.0,17695.09,341700.0,29873.58
2024-03,C011,S1,P3,SEK,908.85,9812871.27,859865.52,36,48,211200.0,18506.67,361800.0,31703.19
2024-04,C011,S1,P3,SEK,892.36,9688239.93,844408.8,35,47,206800.0,18024.3,351750.0,30657.87
2024-05,C011,S1,P3,SEK,884.02,9637550.66,843202.42,35,47,206800.0,18093.21,351750.0,30775.09
2024-06,C011,S1,P3,SEK,992.36,10726650.26,939837.76,39,53,233200.0,20432.3,391950.0,34341.51
2024-07,C011,S1,P3,SEK,867.21,9390393.34,828296.14,34,46,202400.0,17853.05,341700.0,30140.25
2024-08,C011,S1,P3,SEK,996.87,10871186.79,949282.81,39,53,233200.0,20363.26,391950.0,34225.46
2024-09,C011,S1,P3,SEK,923.53,9942920.21,872721.87,36,49,215600.0,18923.9,361800.0,31756.34
2024-10,C011,S1,P3,SEK,1022.13,11152735.47,977666.93,40,54,237600.0,20828.4,402000.0,35239.97
2024-11,C011,S1,P3,SEK,1061.05,11466925.64,999427.0,42,56,246400.0,21475.57,422100.0,36789.12
2024-12,C011,S1,P3,SEK,950.87,10315150.75,903094.97,37,51,224400.0,19646.3,371850.0,32555.59
2025-01,C011,S1,P3,SEK,1087.53,11356410.23,954095.69,43,58,267960.0,22512.35,445050.0,37390.36
2025-02,C011,S1,P3,SEK,1120.8,11764985.64,991127.91,44,60,277200.0,23352.4,455400.0,38364.66
2025-03,C011,S1,P3,SEK,1111.7,11701083.98,981165.38,44,59,272580.0,22856.52,455400.0,38186.44
2025-04,C011,S1,P3,SEK,1044.58,11003919.96,929699.22,41,56,258720.0,21858.74,424350.0,35852.48
2025-05,C011,S1,P3,SEK,1213.39,12742276.41,1069539.22,47,64,295680.0,24818.28,486450.0,40830.8
2025-06,C011,S1,P3,SEK,1086.94,11502371.56,971098.6,43,58,267960.0,22622.78,445050.0,37573.77
2025-07,C011,S1,P3,SEK,964.63,10103400.78,848925.4,38,51,235620.0,19797.67,393300.0,33046.53
2025-08,C011,S1,P3,SEK,1047.93,11072932.53,941391.78,41,56,258720.0,21995.7,424350.0,36077.13
2025-09,C011,S1,P3,SEK,1062.59,11145352.76,935483.7,42,56,258720.0,21715.63,434700.0,36486.49
2025-10,C011,S1,P3,SEK,1140.28,11961520.36,1008117.89,45,61,281820.0,23751.81,465750.0,39253.45
2025-11,C011,S1,P3,SEK,1241.61,13002430.8,1095615.06,49,66,304920.0,25693.27,507150.0,42733.64
2025-12,C011,S1,P3,SEK,1201.45,12634581.15,1065876.57,47,64,295680.0,24944.11,486450.0,41037.82
2024-01,C012,S4,P2,EUR,1384.56,1651862.77,1651862.77,31,58,22330.0,22330.0,27280.0,27280.0
2024-02,C012,S4,P2,EUR,1442.32,1716462.91,1716462.91,33,60,23100.0,23100.0,29040.0,29040.0
2024-03,C012,S4,P2,EUR,1743.21,2076898.17,2076898.17,39,72,27720.0,27720.0,34320.0,34320.0
2024-04,C012,S4,P2,EUR,1439.06,1701742.23,1701742.23,32,60,23100.0,23100.0,28160.0,28160.0
2024-05,C012,S4,P2,EUR,1600.64,1913702.41,1913702.41,36,67,25795.0,25795.0,31680.0,31680.0
2024-06,C012,S4,P2,EUR,1598.41,1892756.38,1892756.38,36,66,25410.0,25410.0,31680.0,31680.0
2024-07,C012,S4,P2,EUR,1206.07,1442402.43,1442402.43,27,50,19250.0,19250.0,23760.0,23760.0
2024-08,C012,S4,P2,EUR,1401.04,1674261.32,1674261.32,32,58,22330.0,22330.0,28160.0,28160.0
2024-09,C012,S4,P2,EUR,1593.4,1896514.61,1896514.61,36,66,25410.0,25410.0,31680.0,31680.0
2024-10,C012,S4,P2,EUR,1536.32,1834375.01,1834375.01,35,64,24640.0,24640.0,30800.0,30800.0
2024-11,C012,S4,P2,EUR,1755.53,2092083.31,2092083.31,40,73,28105.0,28105.0,35200.0,35200.0
2024-12,C012,S4,P2,EUR,1588.26,1881874.69,1881874.69,36,66,25410.0,25410.0,31680.0,31680.0
2025-01,C012,S4,P2,EUR,1536.42,1764587.81,1764587.81,35,64,25856.0,25856.0,31675.0,31675.0
2025-02,C012,S4,P2,EUR,1498.31,1714775.82,1714775.82,34,62,25048.0,25048.0,30770.0,30770.0
2025-03,C012,S4,P2,EUR,1817.88,2101134.62,2101134.62,41,76,30704.0,30704.0,37105.0,37105.0
2025-04,C012,S4,P2,EUR,1613.93,1855796.89,1855796.89,36,67,27068.0,27068.0,32580.0,32580.0
2025-05,C012,S4,P2,EUR,1514.63,1737541.54,1737541.54,34,63,25452.0,25452.0,30770.0,30770.0
2025-06,C012,S4,P2,EUR,1586.85,1817128.25,1817128.25,36,66,26664.0,26664.0,32580.0,32580.0
2025-07,C012,S4,P2,EUR,1476.12,1695337.81,1695337.81,33,61,24644.0,24644.0,29865.0,29865.0
2025-08,C012,S4,P2,EUR,1648.77,1898745.53,1898745.53,37,69,27876.0,27876.0,33485.0,33485.0
2025-09,C012,S4,P2,EUR,1620.11,1864729.7,1864729.7,37,67,27068.0,27068.0,33485.0,33485.0
2025-10,C012,S4,P2,EUR,1784.05,2053785.24,2053785.24,40,74,29896.0,29896.0,36200.0,36200.0
2025-11,C012,S4,P2,EUR,1728.04,1996449.14,1996449.14,39,72,29088.0,29088.0,35295.0,35295.0
2025-12,C012,S4,P2,EUR,1883.77,2158526.19,2158526.19,43,78,31512.0,31512.0,38915.0,38915.0
2024-01,C013,S2,P2,EUR,646.64,627847.73,627847.73,17,34,13090.0,13090.0,14960.0,14960.0
2024-02,C013,S2,P2,EUR,651.66,625594.56,625594.56,17,34,13090.0,13090.0,14960.0,14960.0
2024-03,C013,S2,P2,EUR,694.13,662959.53,662959.53,18,37,14245.0,14245.0,15840.0,15840.0
2024-04,C013,S2,P2,EUR,696.23,670804.12,670804.12,18,37,14245.0,14245.0,15840.0,15840.0
2024-05,C013,S2,P2,EUR,708.53,675136.71,675136.71,18,37,14245.0,14245.0,15840.0,15840.0
2024-06,C013,S2,P2,EUR,619.61,598186.82,598186.82,16,33,12705.0,12705.0,14080.0,14080.0
2024-07,C013,S2,P2,EUR,620.48,596656.37,596656.37,16,33,12705.0,12705.0,14080.0,14080.0
2024-08,C013,S2,P2,EUR,621.05,597679.14,597679.14,16,33,12705.0,12705.0,14080.0,14080.0
2024-09,C013,S2,P2,EUR,708.88,684506.02,684506.02,18,37,14245.0,14245.0,15840.0,15840.0
2024-10,C013,S2,P2,EUR,672.5,645735.41,645735.41,17,35,13475.0,13475.0,14960.0,14960.0
2024-11,C013,S2,P2,EUR,718.73,689018.29,689018.29,19,38,14630.0,14630.0,16720.0,16720.0
2024-12,C013,S2,P2,EUR,755.86,726723.65,726723.65,19,40,15400.0,15400.0,16720.0,16720.0
2025-01,C013,S2,P2,EUR,627.46,576606.64,576606.64,16,33,13332.0,13332.0,14480.0,14480.0
2025-02,C013,S2,P2,EUR,646.44,600738.93,600738.93,17,34,13736.0,13736.0,15385.0,15385.0
2025-03,C013,S2,P2,EUR,731.41,679949.72,679949.72,19,38,15352.0,15352.0,17195.0,17195.0
2025-04,C013,S2,P2,EUR,755.86,701656.96,701656.96,19,40,16160.0,16160.0,17195.0,17195.0
2025-05,C013,S2,P2,EUR,771.81,716270.42,716270.42,20,41,16564.0,16564.0,18100.0,18100.0
2025-06,C013,S2,P2,EUR,729.11,675452.58,675452.58,19,38,15352.0,15352.0,17195.0,17195.0
2025-07,C013,S2,P2,EUR,577.49,541070.54,541070.54,15,30,12120.0,12120.0,13575.0,13575.0
2025-08,C013,S2,P2,EUR,679.12,630618.05,630618.05,18,36,14544.0,14544.0,16290.0,16290.0
2025-09,C013,S2,P2,EUR,762.51,709136.95,709136.95,20,40,16160.0,16160.0,18100.0,18100.0
2025-10,C013,S2,P2,EUR,742.53,687065.33,687065.33,19,39,15756.0,15756.0,17195.0,17195.0
2025-11,C013,S2,P2,EUR,773.05,717727.91,717727.91,20,41,16564.0,16564.0,18100.0,18100.0
2025-12,C013,S2,P2,EUR,748.32,697079.32,697079.32,19,39,15756.0,15756.0,17195.0,17195.0
2024-01,C014,S2,P1,EUR,1340.23,1286167.19,1286167.19,42,69,26565.0,26565.0,36960.0,36960.0
2024-02,C014,S2,P1,EUR,1174.49,1126784.25,1126784.25,37,60,23100.0,23100.0,32560.0,32560.0
2024-03,C014,S2,P1,EUR,1331.89,1277753.76,1277753.76,42,68,26180.0,26180.0,36960.0,36960.0
2024-04,C014,S2,P1,EUR,1225.47,1173139.86,1173139.86,39,63,24255.0,24255.0,34320.0,34320.0
2024-05,C014,S2,P1,EUR,1266.5,1211806.5,1211806.5,40,65,25025.0,25025.0,35200.0,35200.0
2024-06,C014,S2,P1,EUR,1080.48,1028079.02,1028079.02,34,55,21175.0,21175.0,29920.0,29920.0
2024-07,C014,S2,P1,EUR,1025.17,979248.55,979248.55,32,53,20405.0,20405.0,28160.0,28160.0
2024-08,C014,S2,P1,EUR,1263.5,1210738.94,1210738.94,40,65,25025.0,25025.0,35200.0,35200.0
2024-09,C014,S2,P1,EUR,1191.77,1137384.66,1137384.66,37,61,23485.0,23485.0,32560.0,32560.0
2024-10,C014,S2,P1,EUR,1287.55,1224844.43,1224844.43,40,66,25410.0,25410.0,35200.0,35200.0
2024-11,C014,S2,P1,EUR,1367.31,1300289.3,1300289.3,43,70,26950.0,26950.0,37840.0,37840.0
2024-12,C014,S2,P1,EUR,1271.77,1214070.43,1214070.43,40,65,25025.0,25025.0,35200.0,35200.0
2025-01,C014,S2,P1,EUR,1009.75,933551.21,933551.21,32,52,21008.0,21008.0,28960.0,28960.0
2025-02,C014,S2,P1,EUR,1185.75,1094600.05,1094600.05,37,61,24644.0,24644.0,33485.0,33485.0
2025-03,C014,S2,P1,EUR,1200.23,1099826.42,1099826.42,38,61,24644.0,24644.0,34390.0,34390.0
2025-04,C014,S2,P1,EUR,1331.2,1223858.3,1223858.3,42,68,27472.0,27472.0,38010.0,38010.0
2025-05,C014,S2,P1,EUR,1260.46,1161132.17,1161132.17,40,65,26260.0,26260.0,36200.0,36200.0
2025-06,C014,S2,P1,EUR,1267.9,1162606.79,1162606.79,40,65,26260.0,26260.0,36200.0,36200.0
2025-07,C014,S2,P1,EUR,1104.24,1011910.86,1011910.86,35,57,23028.0,23028.0,31675.0,31675.0
2025-08,C014,S2,P1,EUR,1203.9,1109926.38,1109926.38,38,62,25048.0,25048.0,34390.0,34390.0
2025-09,C014,S2,P1,EUR,1297.37,1204863.64,1204863.64,41,66,26664.0,26664.0,37105.0,37105.0
2025-10,C014,S2,P1,EUR,1257.22,1162979.44,1162979.44,40,64,25856.0,25856.0,36200.0,36200.0
2025-11,C014,S2,P1,EUR,1299.0,1201764.89,1201764.89,41,67,27068.0,27068.0,37105.0,37105.0
2025-12,C014,S2,P1,EUR,1295.2,1191611.61,1191611.61,41,66,26664.0,26664.0,37105.0,37105.0
2024-01,C015,S2,P2,EUR,1187.36,1120263.71,1120263.71,27,77,29645.0,29645.0,23760.0,23760.0
2024-02,C015,S2,P2,EUR,1020.26,968482.03,968482.03,23,66,25410.0,25410.0,20240.0,20240.0
2024-03,C015,S2,P2,EUR,1076.39,1006628.52,1006628.52,25,70,26950.0,26950.0,22000.0,22000.0
2024-04,C015,S2,P2,EUR,1108.83,1049865.0,1049865.0,25,72,27720.0,27720.0,22000.0,22000.0
2024-05,C015,S2,P2,EUR,1133.9,1067526.55,1067526.55,26,73,28105.0,28105.0,22880.0,22880.0
2024-06,C015,S2,P2,EUR,1146.86,1078463.85,1078463.85,26,74,28490.0,28490.0,22880.0,22880.0
2024-07,C015,S2,P2,EUR,943.29,885817.54,885817.54,22,61,23485.0,23485.0,19360.0,19360.0
2024-08,C015,S2,P2,EUR,1088.55,1026031.18,1026031.18,25,70,26950.0,26950.0,22000.0,22000.0
2024-09,C015,S2,P2,EUR,1076.37,1017473.55,1017473.55,25,70,26950.0,26950.0,22000.0,22000.0
2024-10,C015,S2,P2,EUR,1094.34,1036928.43,1036928.43,25,71,27335.0,27335.0,22000.0,22000.0
2024-11,C015,S2,P2,EUR,1219.15,1149414.76,1149414.76,28,79,30415.0,30415.0,24640.0,24640.0
2024-12,C015,S2,P2,EUR,1098.44,1038783.68,1038783.68,25,71,27335.0,27335.0,22000.0,22000.0
2025-01,C015,S2,P2,EUR,1084.87,995823.0,995823.0,25,70,28280.0,28280.0,22625.0,22625.0
2025-02,C015,S2,P2,EUR,1007.27,916815.4,916815.4,23,65,26260.0,26260.0,20815.0,20815.0
2025-03,C015,S2,P2,EUR,1039.77,942518.82,942518.82,24,67,27068.0,27068.0,21720.0,21720.0
2025-04,C015,S2,P2,EUR,1093.99,992611.9,992611.9,25,71,28684.0,28684.0,22625.0,22625.0
2025-05,C015,S2,P2,EUR,968.73,882446.17,882446.17,22,63,25452.0,25452.0,19910.0,19910.0
2025-06,C015,S2,P2,EUR,1060.81,962412.4,962412.4,24,69,27876.0,27876.0,21720.0,21720.0
2025-07,C015,S2,P2,EUR,1000.31,905071.71,905071.71,23,65,26260.0,26260.0,20815.0,20815.0
2025-08,C015,S2,P2,EUR,1137.7,1045539.5,1045539.5,26,74,29896.0,29896.0,23530.0,23530.0
2025-09,C015,S2,P2,EUR,983.8,901933.85,901933.85,22,64,25856.0,25856.0,19910.0,19910.0
2025-10,C015,S2,P2,EUR,1065.61,972565.67,972565.67,24,69,27876.0,27876.0,21720.0,21720.0
2025-11,C015,S2,P2,EUR,1213.6,1108772.88,1108772.88,28,79,31916.0,31916.0,25340.0,25340.0
2025-12,C015,S2,P2,EUR,1019.63,923061.5,923061.5,23,66,26664.0,26664.0,20815.0,20815.0
2024-01,C016,S3,P3,SEK,684.87,7271080.5,634723.98,40,45,198000.0,17284.27,402000.0,35092.31
2024-02,C016,S3,P3,SEK,623.38,6610628.03,577943.04,37,41,180400.0,15771.71,371850.0,32509.49
2024-03,C016,S3,P3,SEK,742.5,7849787.01,687847.72,44,48,211200.0,18506.67,442200.0,38748.35
2024-04,C016,S3,P3,SEK,719.3,7634357.13,665396.23,42,47,206800.0,18024.3,422100.0,36789.44
2024-05,C016,S3,P3,SEK,715.93,7610884.9,665886.67,42,47,206800.0,18093.21,422100.0,36930.1
2024-06,C016,S3,P3,SEK,660.75,6967985.97,610514.57,39,43,189200.0,16577.15,391950.0,34341.51
2024-07,C016,S3,P3,SEK,555.08,5873213.38,518057.1,33,36,158400.0,13971.95,331650.0,29253.77
2024-08,C016,S3,P3,SEK,650.54,6941345.64,606125.19,38,42,184800.0,16136.92,381900.0,33347.89
2024-09,C016,S3,P3,SEK,702.43,7445022.36,653473.39,41,46,202400.0,17765.29,412050.0,36166.94
2024-10,C016,S3,P3,SEK,720.58,7593258.91,665637.42,43,47,206800.0,18128.42,432150.0,37882.97
2024-11,C016,S3,P3,SEK,728.83,7664790.54,668042.93,43,47,206800.0,18024.14,432150.0,37665.05
2024-12,C016,S3,P3,SEK,696.52,7401338.6,647989.72,41,45,198000.0,17334.97,412050.0,36075.12
2025-01,C016,S3,P3,SEK,717.1,7753338.56,651387.79,42,47,217140.0,18242.77,434700.0,36520.82
2025-02,C016,S3,P3,SEK,661.51,7109815.46,598958.36,39,43,198660.0,16735.89,403650.0,34005.04
2025-03,C016,S3,P3,SEK,785.39,8410112.5,705209.13,46,51,235620.0,19757.33,476100.0,39922.18
2025-04,C016,S3,P3,SEK,678.18,7298655.16,616648.8,40,44,203280.0,17174.72,414000.0,34978.03
2025-05,C016,S3,P3,SEK,758.71,8165395.86,685372.92,45,49,226380.0,19001.49,465750.0,39093.32
2025-06,C016,S3,P3,SEK,760.13,8171965.88,689925.95,45,50,231000.0,19502.39,465750.0,39321.38
2025-07,C016,S3,P3,SEK,596.3,6390275.74,536934.79,35,39,180180.0,15139.4,362250.0,30437.6
2025-08,C016,S3,P3,SEK,697.17,7482355.19,636130.28,41,45,207900.0,17675.11,424350.0,36077.13
2025-09,C016,S3,P3,SEK,705.64,7560306.24,634573.3,42,46,212520.0,17837.84,434700.0,36486.49
2025-10,C016,S3,P3,SEK,817.53,8843579.83,745337.61,48,53,244860.0,20636.82,496800.0,41870.34
2025-11,C016,S3,P3,SEK,742.39,7980830.53,672483.34,44,48,221760.0,18686.01,455400.0,38373.06
2025-12,C016,S3,P3,SEK,706.68,7583499.18,639757.98,42,46,212520.0,17928.58,434700.0,36672.09
2024-01,C017,S1,P3,SEK,419.54,4881706.09,426145.18,25,31,136400.0,11906.94,251250.0,21932.7
2024-02,C017,S1,P3,SEK,386.63,4488370.42,392401.81,23,29,127600.0,11155.6,231150.0,20208.6
2024-03,C017,S1,P3,SEK,434.95,5047237.57,442270.71,26,32,140800.0,12337.78,261300.0,22896.75
2024-04,C017,S1,P3,SEK,401.09,4630548.11,403589.88,24,30,132000.0,11504.87,241200.0,21022.54
2024-05,C017,S1,P3,SEK,446.01,5179612.76,453171.37,27,33,145200.0,12703.75,271350.0,23740.78
2024-06,C017,S1,P3,SEK,393.91,4548971.78,398567.62,24,29,127600.0,11179.94,241200.0,21133.24
2024-07,C017,S1,P3,SEK,362.32,4210104.2,371359.64,22,27,118800.0,10478.96,221100.0,19502.51
2024-08,C017,S1,P3,SEK,390.09,4501556.98,393080.42,23,29,127600.0,11142.16,231150.0,20184.25
2024-09,C017,S1,P3,SEK,406.55,4674158.4,410265.81,24,30,132000.0,11586.06,241200.0,21170.89
2024-10,C017,S1,P3,SEK,418.09,4853112.73,425431.75,25,31,136400.0,11957.05,251250.0,22024.98
2024-11,C017,S1,P3,SEK,448.23,5203118.45,453490.08,27,33,145200.0,12655.25,271350.0,23650.15
2024-12,C017,S1,P3,SEK,461.8,5372841.04,470394.07,28,34,149600.0,13097.53,281400.0,24636.67
2025-01,C017,S1,P3,SEK,385.46,4547446.23,382048.44,23,29,133980.0,11256.18,238050.0,19999.5
2025-02,C017,S1,P3,SEK,398.83,4704471.16,396322.85,24,30,138600.0,11676.2,248400.0,20926.18
2025-03,C017,S1,P3,SEK,406.88,4798642.83,402378.29,24,30,138600.0,11621.96,248400.0,20828.97
2025-04,C017,S1,P3,SEK,414.45,4891412.83,413265.7,25,31,143220.0,12100.37,258750.0,21861.27
2025-05,C017,S1,P3,SEK,416.03,4893548.3,410746.22,25,31,143220.0,12021.35,258750.0,21718.51
2025-06,C017,S1,P3,SEK,433.78,5100148.33,430584.85,26,32,147840.0,12481.53,269100.0,22719.02
2025-07,C017,S1,P3,SEK,357.04,4195365.74,352510.27,21,26,120120.0,10092.93,217350.0,18262.56
2025-08,C017,S1,P3,SEK,384.85,4515025.36,383855.65,23,29,133980.0,11390.63,238050.0,20238.39
2025-09,C017,S1,P3,SEK,407.04,4792362.23,402246.28,24,30,138600.0,11633.37,248400.0,20849.42
2025-10,C017,S1,P3,SEK,446.76,5278747.97,444893.3,27,33,152460.0,12849.34,279450.0,23552.07
2025-11,C017,S1,P3,SEK,464.39,5489164.45,462529.76,28,34,157080.0,13235.93,289800.0,24419.22
2025-12,C017,S1,P3,SEK,448.59,5274416.7,444959.52,27,33,152460.0,12861.81,279450.0,23574.92
2024-01,C018,S4,P2,EUR,239.09,295186.3,295186.3,23,22,8470.0,8470.0,20240.0,20240.0
2024-02,C018,S4,P2,EUR,243.72,301914.26,301914.26,24,23,8855.0,8855.0,21120.0,21120.0
2024-03,C018,S4,P2,EUR,273.83,338518.2,338518.2,27,26,10010.0,10010.0,23760.0,23760.0
2024-04,C018,S4,P2,EUR,248.51,309115.42,309115.42,24,23,8855.0,8855.0,21120.0,21120.0
2024-05,C018,S4,P2,EUR,223.1,275837.03,275837.03,22,21,8085.0,8085.0,19360.0,19360.0
2024-06,C018,S4,P2,EUR,226.54,281183.26,281183.26,22,21,8085.0,8085.0,19360.0,19360.0
2024-07,C018,S4,P2,EUR,195.79,241971.73,241971.73,19,18,6930.0,6930.0,16720.0,16720.0
2024-08,C018,S4,P2,EUR,238.7,294093.57,294093.57,23,22,8470.0,8470.0,20240.0,20240.0
2024-09,C018,S4,P2,EUR,260.62,322757.03,322757.03,25,24,9240.0,9240.0,22000.0,22000.0
2024-10,C018,S4,P2,EUR,269.03,333180.94,333180.94,26,25,9625.0,9625.0,22880.0,22880.0
2024-11,C018,S4,P2,EUR,249.46,306451.95,306451.95,24,23,8855.0,8855.0,21120.0,21120.0
2024-12,C018,S4,P2,EUR,256.82,315885.86,315885.86,25,24,9240.0,9240.0,22000.0,22000.0
2025-01,C018,S4,P2,EUR,261.85,314832.72,314832.72,25,25,10100.0,10100.0,22625.0,22625.0
2025-02,C018,S4,P2,EUR,239.9,285959.09,285959.09,23,22,8888.0,8888.0,20815.0,20815.0
2025-03,C018,S4,P2,EUR,282.44,335967.76,335967.76,27,26,10504.0,10504.0,24435.0,24435.0
2025-04,C018,S4,P2,EUR,225.56,270626.54,270626.54,22,21,8484.0,8484.0,19910.0,19910.0
2025-05,C018,S4,P2,EUR,258.59,307355.04,307355.04,25,24,9696.0,9696.0,22625.0,22625.0
2025-06,C018,S4,P2,EUR,235.79,281802.37,281802.37,23,22,8888.0,8888.0,20815.0,20815.0
2025-07,C018,S4,P2,EUR,216.99,257876.69,257876.69,21,20,8080.0,8080.0,19005.0,19005.0
2025-08,C018,S4,P2,EUR,244.67,292568.04,292568.04,24,23,9292.0,9292.0,21720.0,21720.0
2025-09,C018,S4,P2,EUR,272.95,325750.04,325750.04,27,26,10504.0,10504.0,24435.0,24435.0
2025-10,C018,S4,P2,EUR,280.05,335668.27,335668.27,27,26,10504.0,10504.0,24435.0,24435.0
2025-11,C018,S4,P2,EUR,290.41,347094.48,347094.48,28,27,10908.0,10908.0,25340.0,25340.0
2025-12,C018,S4,P2,EUR,251.99,300820.05,300820.05,25,24,9696.0,9696.0,22625.0,22625.0
2024-01,C019,S2,P2,EUR,549.33,536868.08,536868.08,39,41,15785.0,15785.0,34320.0,34320.0
2024-02,C019,S2,P2,EUR,532.1,515809.04,515809.04,38,40,15400.0,15400.0,33440.0,33440.0
2024-03,C019,S2,P2,EUR,560.21,539059.91,539059.91,40,42,16170.0,16170.0,35200.0,35200.0
2024-04,C019,S2,P2,EUR,582.57,562276.33,562276.33,42,44,16940.0,16940.0,36960.0,36960.0
2024-05,C019,S2,P2,EUR,521.97,502400.77,502400.77,37,39,15015.0,15015.0,32560.0,32560.0
2024-06,C019,S2,P2,EUR,562.66,547352.72,547352.72,40,42,16170.0,16170.0,35200.0,35200.0
2024-07,C019,S2,P2,EUR,479.59,465304.18,465304.18,34,36,13860.0,13860.0,29920.0,29920.0
2024-08,C019,S2,P2,EUR,549.69,531883.95,531883.95,39,41,15785.0,15785.0,34320.0,34320.0
2024-09,C019,S2,P2,EUR,580.29,563506.15,563506.15,41,43,16555.0,16555.0,36080.0,36080.0
2024-10,C019,S2,P2,EUR,592.47,572415.27,572415.27,42,44,16940.0,16940.0,36960.0,36960.0
2024-11,C019,S2,P2,EUR,618.82,598012.77,598012.77,44,46,17710.0,17710.0,38720.0,38720.0
2024-12,C019,S2,P2,EUR,576.52,558616.92,558616.92,41,43,16555.0,16555.0,36080.0,36080.0
2025-01,C019,S2,P2,EUR,503.47,499365.25,499365.25,36,38,15352.0,15352.0,32580.0,32580.0
2025-02,C019,S2,P2,EUR,533.17,530198.78,530198.78,38,40,16160.0,16160.0,34390.0,34390.0
2025-03,C019,S2,P2,EUR,548.65,544017.34,544017.34,39,41,16564.0,16564.0,35295.0,35295.0
2025-04,C019,S2,P2,EUR,522.35,514106.42,514106.42,37,39,15756.0,15756.0,33485.0,33485.0
2025-05,C019,S2,P2,EUR,505.26,500441.04,500441.04,36,38,15352.0,15352.0,32580.0,32580.0
2025-06,C019,S2,P2,EUR,522.07,516672.78,516672.78,37,39,15756.0,15756.0,33485.0,33485.0
2025-07,C019,S2,P2,EUR,443.03,436782.64,436782.64,32,33,13332.0,13332.0,28960.0,28960.0
2025-08,C019,S2,P2,EUR,494.07,487684.41,487684.41,35,37,14948.0,14948.0,31675.0,31675.0
2025-09,C019,S2,P2,EUR,543.37,534806.64,534806.64,39,41,16564.0,16564.0,35295.0,35295.0
2025-10,C019,S2,P2,EUR,601.88,587332.85,587332.85,43,45,18180.0,18180.0,38915.0,38915.0
2025-11,C019,S2,P2,EUR,542.97,532919.95,532919.95,39,41,16564.0,16564.0,35295.0,35295.0
2025-12,C019,S2,P2,EUR,551.86,541984.39,541984.39,39,41,16564.0,16564.0,35295.0,35295.0
2024-01,C020,S5,P3,SEK,333.29,4530684.99,395503.03,31,27,118800.0,10370.56,311550.0,27196.54
2024-02,C020,S5,P3,SEK,343.45,4648813.67,406428.78,32,27,118800.0,10386.25,321600.0,28116.31
2024-03,C020,S5,P3,SEK,367.17,4929860.66,431985.41,34,29,127600.0,11181.11,341700.0,29941.9
2024-04,C020,S5,P3,SEK,342.84,4628994.65,403454.48,32,27,118800.0,10354.38,321600.0,28030.05
2024-05,C020,S5,P3,SEK,351.9,4764154.6,416822.37,32,28,123200.0,10778.94,321600.0,28137.22
2024-06,C020,S5,P3,SEK,349.4,4725355.1,414021.81,32,28,123200.0,10794.42,321600.0,28177.65
2024-07,C020,S5,P3,SEK,278.63,3769348.31,332481.99,26,22,96800.0,8538.41,261300.0,23048.43
2024-08,C020,S5,P3,SEK,289.17,3900282.12,340576.5,27,23,101200.0,8836.88,271350.0,23694.55
2024-09,C020,S5,P3,SEK,360.15,4842078.05,425004.66,33,29,127600.0,11199.86,331650.0,29109.98
2024-10,C020,S5,P3,SEK,396.9,5347669.0,468785.36,37,32,140800.0,12342.76,371850.0,32596.98
2024-11,C020,S5,P3,SEK,360.51,4852744.39,422952.4,33,29,127600.0,11121.28,331650.0,28905.74
2024-12,C020,S5,P3,SEK,357.6,4855063.22,425062.44,33,29,127600.0,11171.42,331650.0,29036.07
2025-01,C020,S5,P3,SEK,326.13,4446004.58,373525.94,30,26,120120.0,10091.74,310500.0,26086.3
2025-02,C020,S5,P3,SEK,305.03,4186942.43,352724.23,28,24,110880.0,9340.96,289800.0,24413.87
2025-03,C020,S5,P3,SEK,344.66,4726284.91,396310.9,32,28,129360.0,10847.16,331200.0,27771.95
2025-04,C020,S5,P3,SEK,357.98,4947080.92,417968.99,33,29,133980.0,11319.7,341550.0,28856.88
2025-05,C020,S5,P3,SEK,323.76,4451135.52,373611.74,30,26,120120.0,10082.43,310500.0,26062.21
2025-06,C020,S5,P3,SEK,330.33,4519041.47,381524.35,30,26,120120.0,10141.24,310500.0,26214.26
2025-07,C020,S5,P3,SEK,261.77,3580826.97,300874.43,24,21,97020.0,8151.98,248400.0,20871.49
2025-08,C020,S5,P3,SEK,314.31,4318647.13,367160.09,29,25,115500.0,9819.51,300150.0,25517.97
2025-09,C020,S5,P3,SEK,299.65,4109645.08,344942.51,28,24,110880.0,9306.7,289800.0,24324.32
2025-10,C020,S5,P3,SEK,386.72,5308370.48,447389.89,36,31,143220.0,12070.59,372600.0,31402.76
2025-11,C020,S5,P3,SEK,353.07,4856144.58,409190.04,33,28,129360.0,10900.17,341550.0,28779.8
2025-12,C020,S5,P3,SEK,403.83,5543215.26,467635.87,37,32,147840.0,12472.06,382950.0,32306.37
2024-01,C021,S3,P2,EUR,187.54,173626.39,173626.39,16,14,5390.0,5390.0,14080.0,14080.0
2024-02,C021,S3,P2,EUR,172.7,159953.81,159953.81,15,13,5005.0,5005.0,13200.0,13200.0
2024-03,C021,S3,P2,EUR,186.63,173681.14,173681.14,16,14,5390.0,5390.0,14080.0,14080.0
2024-04,C021,S3,P2,EUR,185.1,171510.26,171510.26,16,14,5390.0,5390.0,14080.0,14080.0
2024-05,C021,S3,P2,EUR,174.63,162582.94,162582.94,15,13,5005.0,5005.0,13200.0,13200.0
2024-06,C021,S3,P2,EUR,177.09,163616.62,163616.62,15,13,5005.0,5005.0,13200.0,13200.0
2024-07,C021,S3,P2,EUR,166.57,154754.63,154754.63,14,12,4620.0,4620.0,12320.0,12320.0
2024-08,C021,S3,P2,EUR,186.86,172162.13,172162.13,16,14,5390.0,5390.0,14080.0,14080.0
2024-09,C021,S3,P2,EUR,190.65,176402.7,176402.7,17,14,5390.0,5390.0,14960.0,14960.0
2024-10,C021,S3,P2,EUR,193.97,178618.77,178618.77,17,14,5390.0,5390.0,14960.0,14960.0
2024-11,C021,S3,P2,EUR,187.99,174638.97,174638.97,16,14,5390.0,5390.0,14080.0,14080.0
2024-12,C021,S3,P2,EUR,182.09,168310.92,168310.92,16,13,5005.0,5005.0,14080.0,14080.0
2025-01,C021,S3,P2,EUR,212.81,191429.58,191429.58,18,16,6464.0,6464.0,16290.0,16290.0
2025-02,C021,S3,P2,EUR,193.36,173635.76,173635.76,17,14,5656.0,5656.0,15385.0,15385.0
2025-03,C021,S3,P2,EUR,196.96,176661.96,176661.96,17,14,5656.0,5656.0,15385.0,15385.0
2025-04,C021,S3,P2,EUR,190.2,171473.99,171473.99,17,14,5656.0,5656.0,15385.0,15385.0
2025-05,C021,S3,P2,EUR,227.2,204528.38,204528.38,20,17,6868.0,6868.0,18100.0,18100.0
2025-06,C021,S3,P2,EUR,193.62,173084.55,173084.55,17,14,5656.0,5656.0,15385.0,15385.0
2025-07,C021,S3,P2,EUR,170.21,153278.03,153278.03,15,12,4848.0,4848.0,13575.0,13575.0
2025-08,C021,S3,P2,EUR,200.4,179605.81,179605.81,17,15,6060.0,6060.0,15385.0,15385.0
2025-09,C021,S3,P2,EUR,212.33,190766.22,190766.22,18,16,6464.0,6464.0,16290.0,16290.0
2025-10,C021,S3,P2,EUR,221.92,200331.97,200331.97,19,16,6464.0,6464.0,17195.0,17195.0
2025-11,C021,S3,P2,EUR,220.61,196564.47,196564.47,19,16,6464.0,6464.0,17195.0,17195.0
2025-12,C021,S3,P2,EUR,215.48,192745.73,192745.73,19,16,6464.0,6464.0,17195.0,17195.0
2024-01,C022,S2,P1,EUR,368.31,356932.2,356932.2,20,28,10780.0,10780.0,17600.0,17600.0
2024-02,C022,S2,P1,EUR,405.07,390195.04,390195.04,22,31,11935.0,11935.0,19360.0,19360.0
2024-03,C022,S2,P1,EUR,386.73,372985.46,372985.46,21,29,11165.0,11165.0,18480.0,18480.0
2024-04,C022,S2,P1,EUR,356.66,346320.29,346320.29,20,27,10395.0,10395.0,17600.0,17600.0
2024-05,C022,S2,P1,EUR,347.09,333571.35,333571.35,19,26,10010.0,10010.0,16720.0,16720.0
2024-06,C022,S2,P1,EUR,365.89,354720.58,354720.58,20,28,10780.0,10780.0,17600.0,17600.0
2024-07,C022,S2,P1,EUR,349.43,336733.82,336733.82,19,26,10010.0,10010.0,16720.0,16720.0
2024-08,C022,S2,P1,EUR,361.44,349691.49,349691.49,20,27,10395.0,10395.0,17600.0,17600.0
2024-09,C022,S2,P1,EUR,432.86,419475.41,419475.41,24,33,12705.0,12705.0,21120.0,21120.0
2024-10,C022,S2,P1,EUR,424.58,409491.74,409491.74,24,32,12320.0,12320.0,21120.0,21120.0
2024-11,C022,S2,P1,EUR,420.37,403647.16,403647.16,23,32,12320.0,12320.0,20240.0,20240.0
2024-12,C022,S2,P1,EUR,440.72,427053.91,427053.91,24,33,12705.0,12705.0,21120.0,21120.0
2025-01,C022,S2,P1,EUR,346.24,322624.28,322624.28,19,26,10504.0,10504.0,17195.0,17195.0
2025-02,C022,S2,P1,EUR,384.05,358799.07,358799.07,21,29,11716.0,11716.0,19005.0,19005.0
2025-03,C022,S2,P1,EUR,343.51,321003.89,321003.89,19,26,10504.0,10504.0,17195.0,17195.0
2025-04,C022,S2,P1,EUR,341.4,318780.21,318780.21,19,26,10504.0,10504.0,17195.0,17195.0
2025-05,C022,S2,P1,EUR,373.29,348638.28,348638.28,21,28,11312.0,11312.0,19005.0,19005.0
2025-06,C022,S2,P1,EUR,372.26,348471.8,348471.8,21,28,11312.0,11312.0,19005.0,19005.0
2025-07,C022,S2,P1,EUR,356.39,331977.94,331977.94,20,27,10908.0,10908.0,18100.0,18100.0
2025-08,C022,S2,P1,EUR,361.61,339203.0,339203.0,20,27,10908.0,10908.0,18100.0,18100.0
2025-09,C022,S2,P1,EUR,376.72,350717.5,350717.5,21,28,11312.0,11312.0,19005.0,19005.0
2025-10,C022,S2,P1,EUR,389.27,361328.17,361328.17,22,29,11716.0,11716.0,19910.0,19910.0
2025-11,C022,S2,P1,EUR,420.99,394130.44,394130.44,23,32,12928.0,12928.0,20815.0,20815.0
2025-12,C022,S2,P1,EUR,353.35,330774.49,330774.49,20,27,10908.0,10908.0,18100.0,18100.0
2024-01,C023,S4,P4,SEK,262.85,3763980.54,328574.09,24,18,79200.0,6913.71,241200.0,21055.39
2024-02,C023,S4,P4,SEK,268.0,3813282.01,333381.3,24,18,79200.0,6924.17,241200.0,21087.23
2024-03,C023,S4,P4,SEK,275.13,3930769.21,344438.73,25,19,83600.0,7325.56,251250.0,22016.11
2024-04,C023,S4,P4,SEK,297.48,4219297.97,367746.09,27,20,88000.0,7669.91,271350.0,23650.36
2024-05,C023,S4,P4,SEK,279.38,3985718.05,348715.89,25,19,83600.0,7314.28,251250.0,21982.2
2024-06,C023,S4,P4,SEK,248.51,3550656.95,311098.19,23,17,74800.0,6553.76,231150.0,20252.69
2024-07,C023,S4,P4,SEK,218.35,3123413.56,275506.18,20,15,66000.0,5821.65,201000.0,17729.56
2024-08,C023,S4,P4,SEK,269.72,3856837.8,336782.9,25,18,79200.0,6915.82,251250.0,21939.4
2024-09,C023,S4,P4,SEK,288.1,4119612.86,361591.58,26,19,83600.0,7337.84,261300.0,22935.14
2024-10,C023,S4,P4,SEK,284.41,4065961.34,356428.78,26,19,83600.0,7328.51,261300.0,22905.98
2024-11,C023,S4,P4,SEK,277.26,3932661.9,342760.44,25,19,83600.0,7286.36,251250.0,21898.29
2024-12,C023,S4,P4,SEK,260.12,3709735.53,324788.61,24,18,79200.0,6933.99,241200.0,21117.14
2025-01,C023,S4,P4,SEK,291.09,4227662.49,355182.18,26,20,92400.0,7762.88,269100.0,22608.13
2025-02,C023,S4,P4,SEK,258.63,3735505.24,314693.41,24,17,78540.0,6616.51,248400.0,20926.18
2025-03,C023,S4,P4,SEK,337.23,4887523.98,409831.2,31,23,106260.0,8910.17,320850.0,26904.08
2025-04,C023,S4,P4,SEK,293.7,4262842.48,360159.05,27,20,92400.0,7806.69,279450.0,23610.17
2025-05,C023,S4,P4,SEK,323.21,4656628.3,390860.04,29,22,101640.0,8531.28,300150.0,25193.47
2025-06,C023,S4,P4,SEK,298.07,4290189.76,362203.33,27,20,92400.0,7800.96,279450.0,23592.83
2025-07,C023,S4,P4,SEK,235.08,3400368.63,285711.65,21,16,73920.0,6211.03,217350.0,18262.56
2025-08,C023,S4,P4,SEK,316.06,4593348.51,390514.48,29,21,97020.0,8248.39,300150.0,25517.97
2025-09,C023,S4,P4,SEK,346.53,5008580.05,420394.5,32,23,106260.0,8918.92,331200.0,27799.23
2025-10,C023,S4,P4,SEK,297.22,4305103.52,362834.47,27,20,92400.0,7787.48,279450.0,23552.07
2025-11,C023,S4,P4,SEK,316.27,4579842.98,385908.22,29,21,97020.0,8175.13,300150.0,25291.34
2025-12,C023,S4,P4,SEK,368.37,5338652.26,450378.55,34,25,115500.0,9743.79,351900.0,29686.93
2024-01,C024,S3,P3,SEK,211.4,2264824.66,197706.31,22,13,57200.0,4993.23,221100.0,19300.77
2024-02,C024,S3,P3,SEK,192.41,2064988.25,180534.37,20,12,52800.0,4616.11,201000.0,17572.7
2024-03,C024,S3,P3,SEK,212.54,2264898.06,198464.62,22,13,57200.0,5012.22,221100.0,19374.17
2024-04,C024,S3,P3,SEK,205.95,2181455.38,190131.55,21,13,57200.0,4985.44,211050.0,18394.72
2024-05,C024,S3,P3,SEK,233.86,2493499.02,218159.62,24,14,61600.0,5389.47,241200.0,21102.92
2024-06,C024,S3,P3,SEK,210.66,2258362.55,197871.13,22,13,57200.0,5011.7,221100.0,19372.14
2024-07,C024,S3,P3,SEK,177.27,1873501.59,165255.5,18,11,48400.0,4269.21,180900.0,15956.6
2024-08,C024,S3,P3,SEK,226.28,2410220.13,210462.81,23,14,61600.0,5378.97,231150.0,20184.25
2024-09,C024,S3,P3,SEK,230.12,2450417.23,215080.95,24,14,61600.0,5406.83,241200.0,21170.89
2024-10,C024,S3,P3,SEK,234.63,2495383.81,218749.4,24,14,61600.0,5399.96,241200.0,21143.98
2024-11,C024,S3,P3,SEK,229.72,2446294.63,213212.59,24,14,61600.0,5368.89,241200.0,21022.36
2024-12,C024,S3,P3,SEK,213.85,2285162.78,200066.78,22,13,57200.0,5007.88,221100.0,19357.38
2025-01,C024,S3,P3,SEK,181.47,1981304.35,166457.0,19,11,50820.0,4269.58,196650.0,16521.32
2025-02,C024,S3,P3,SEK,209.38,2265200.25,190829.23,22,13,60060.0,5059.69,227700.0,19182.33
2025-03,C024,S3,P3,SEK,205.24,2227388.17,186772.11,21,13,60060.0,5036.18,217350.0,18225.35
2025-04,C024,S3,P3,SEK,221.05,2393962.19,202261.08,23,14,64680.0,5464.68,238050.0,20112.37
2025-05,C024,S3,P3,SEK,225.37,2438669.29,204692.82,23,14,64680.0,5429.0,238050.0,19981.03
2025-06,C024,S3,P3,SEK,206.87,2252964.74,190208.68,21,13,60060.0,5070.62,217350.0,18349.98
2025-07,C024,S3,P3,SEK,162.82,1760748.0,147944.61,17,10,46200.0,3881.9,175950.0,14783.97
2025-08,C024,S3,P3,SEK,199.5,2163017.08,183894.06,21,12,55440.0,4713.36,217350.0,18478.53
2025-09,C024,S3,P3,SEK,225.09,2448147.15,205484.9,23,14,64680.0,5428.91,238050.0,19980.69
2025-10,C024,S3,P3,SEK,238.21,2579445.03,217395.83,25,15,69300.0,5840.61,258750.0,21807.47
2025-11,C024,S3,P3,SEK,230.21,2505736.74,211139.2,24,14,64680.0,5450.09,248400.0,20930.76
2025-12,C024,S3,P3,SEK,209.36,2276155.69,192020.69,22,13,60060.0,5066.77,227700.0,19209.19
2024-01,C025,S5,P2,EUR,426.39,479056.61,479056.61,41,24,9240.0,9240.0,36080.0,36080.0
2024-02,C025,S5,P2,EUR,455.79,519163.16,519163.16,44,26,10010.0,10010.0,38720.0,38720.0
2024-03,C025,S5,P2,EUR,470.04,534482.18,534482.18,45,27,10395.0,10395.0,39600.0,39600.0
2024-04,C025,S5,P2,EUR,468.74,534632.89,534632.89,45,27,10395.0,10395.0,39600.0,39600.0
2024-05,C025,S5,P2,EUR,469.74,533901.13,533901.13,45,27,10395.0,10395.0,39600.0,39600.0
2024-06,C025,S5,P2,EUR,441.9,499021.18,499021.18,42,25,9625.0,9625.0,36960.0,36960.0
2024-07,C025,S5,P2,EUR,430.75,489730.36,489730.36,41,25,9625.0,9625.0,36080.0,36080.0
2024-08,C025,S5,P2,EUR,387.42,440049.99,440049.99,37,22,8470.0,8470.0,32560.0,32560.0
2024-09,C025,S5,P2,EUR,497.53,563603.4,563603.4,48,29,11165.0,11165.0,42240.0,42240.0
2024-10,C025,S5,P2,EUR,478.03,539495.16,539495.16,46,27,10395.0,10395.0,40480.0,40480.0
2024-11,C025,S5,P2,EUR,504.37,572072.7,572072.7,48,29,11165.0,11165.0,42240.0,42240.0
2024-12,C025,S5,P2,EUR,451.69,516219.03,516219.03,43,26,10010.0,10010.0,37840.0,37840.0
2025-01,C025,S5,P2,EUR,421.76,463185.93,463185.93,40,24,9696.0,9696.0,36200.0,36200.0
2025-02,C025,S5,P2,EUR,413.97,452746.04,452746.04,40,24,9696.0,9696.0,36200.0,36200.0
2025-03,C025,S5,P2,EUR,376.14,411375.64,411375.64,36,22,8888.0,8888.0,32580.0,32580.0
2025-04,C025,S5,P2,EUR,455.84,499986.36,499986.36,44,26,10504.0,10504.0,39820.0,39820.0
2025-05,C025,S5,P2,EUR,457.51,503963.52,503963.52,44,26,10504.0,10504.0,39820.0,39820.0
2025-06,C025,S5,P2,EUR,438.53,478866.97,478866.97,42,25,10100.0,10100.0,38010.0,38010.0
2025-07,C025,S5,P2,EUR,381.99,417325.41,417325.41,37,22,8888.0,8888.0,33485.0,33485.0
2025-08,C025,S5,P2,EUR,328.33,359502.43,359502.43,31,19,7676.0,7676.0,28055.0,28055.0
2025-09,C025,S5,P2,EUR,543.04,592613.7,592613.7,52,31,12524.0,12524.0,47060.0,47060.0
2025-10,C025,S5,P2,EUR,486.04,532471.07,532471.07,47,28,11312.0,11312.0,42535.0,42535.0
2025-11,C025,S5,P2,EUR,452.88,497042.29,497042.29,43,26,10504.0,10504.0,38915.0,38915.0
2025-12,C025,S5,P2,EUR,420.08,460140.25,460140.25,40,24,9696.0,9696.0,36200.0,36200.0
2024-01,C026,S3,P2,EUR,373.64,350833.94,350833.94,22,26,10010.0,10010.0,19360.0,19360.0
2024-02,C026,S3,P2,EUR,384.75,362649.24,362649.24,23,27,10395.0,10395.0,20240.0,20240.0
2024-03,C026,S3,P2,EUR,427.99,405632.34,405632.34,25,30,11550.0,11550.0,22000.0,22000.0
2024-04,C026,S3,P2,EUR,385.59,365893.22,365893.22,23,27,10395.0,10395.0,20240.0,20240.0
2024-05,C026,S3,P2,EUR,316.19,298645.57,298645.57,18,22,8470.0,8470.0,15840.0,15840.0
2024-06,C026,S3,P2,EUR,375.99,355708.51,355708.51,22,27,10395.0,10395.0,19360.0,19360.0
2024-07,C026,S3,P2,EUR,361.91,344087.91,344087.91,21,26,10010.0,10010.0,18480.0,18480.0
2024-08,C026,S3,P2,EUR,375.87,354927.81,354927.81,22,27,10395.0,10395.0,19360.0,19360.0
2024-09,C026,S3,P2,EUR,387.23,366827.44,366827.44,23,27,10395.0,10395.0,20240.0,20240.0
2024-10,C026,S3,P2,EUR,438.05,411674.27,411674.27,26,31,11935.0,11935.0,22880.0,22880.0
2024-11,C026,S3,P2,EUR,432.64,405258.42,405258.42,25,31,11935.0,11935.0,22000.0,22000.0
2024-12,C026,S3,P2,EUR,421.78,398657.02,398657.02,25,30,11550.0,11550.0,22000.0,22000.0
2025-01,C026,S3,P2,EUR,361.54,327639.26,327639.26,21,26,10504.0,10504.0,19005.0,19005.0
2025-02,C026,S3,P2,EUR,382.29,347395.63,347395.63,22,27,10908.0,10908.0,19910.0,19910.0
2025-03,C026,S3,P2,EUR,437.75,398014.09,398014.09,26,31,12524.0,12524.0,23530.0,23530.0
2025-04,C026,S3,P2,EUR,413.58,378269.99,378269.99,24,29,11716.0,11716.0,21720.0,21720.0
2025-05,C026,S3,P2,EUR,453.42,413573.75,413573.75,27,32,12928.0,12928.0,24435.0,24435.0
2025-06,C026,S3,P2,EUR,404.27,371971.29,371971.29,24,29,11716.0,11716.0,21720.0,21720.0
2025-07,C026,S3,P2,EUR,344.32,315517.68,315517.68,20,24,9696.0,9696.0,18100.0,18100.0
2025-08,C026,S3,P2,EUR,404.39,368323.71,368323.71,24,29,11716.0,11716.0,21720.0,21720.0
2025-09,C026,S3,P2,EUR,432.19,394411.72,394411.72,25,30,12120.0,12120.0,22625.0,22625.0
2025-10,C026,S3,P2,EUR,419.62,383086.94,383086.94,25,30,12120.0,12120.0,22625.0,22625.0
2025-11,C026,S3,P2,EUR,433.29,394565.8,394565.8,25,31,12524.0,12524.0,22625.0,22625.0
2025-12,C026,S3,P2,EUR,424.92,386561.42,386561.42,25,30,12120.0,12120.0,22625.0,22625.0
2024-01,C027,S3,P4,SEK,1300.43,13633201.25,1190100.93,135,85,374000.0,32648.07,1356750.0,118436.56
2024-02,C027,S3,P4,SEK,1307.33,13704563.39,1198139.86,136,85,374000.0,32697.45,1366800.0,119494.33
2024-03,C027,S3,P4,SEK,1159.56,11999760.63,1051494.52,121,76,334400.0,29302.23,1216050.0,106557.95
2024-04,C027,S3,P4,SEK,1333.45,13955708.48,1216353.35,139,87,382800.0,33364.13,1396950.0,121755.54
2024-05,C027,S3,P4,SEK,1403.97,14706856.94,1286722.92,146,91,400400.0,35031.54,1467300.0,128376.07
2024-06,C027,S3,P4,SEK,1324.3,13893951.19,1217347.41,138,86,378400.0,33154.3,1386900.0,121516.13
2024-07,C027,S3,P4,SEK,1144.63,11938690.27,1053073.15,119,75,330000.0,29108.23,1195950.0,105490.87
2024-08,C027,S3,P4,SEK,1168.49,12225734.02,1067563.22,121,76,334400.0,29200.14,1216050.0,106186.69
2024-09,C027,S3,P4,SEK,1284.55,13423285.7,1178204.66,134,84,369600.0,32440.97,1346700.0,118204.16
2024-10,C027,S3,P4,SEK,1393.77,14568519.7,1277100.13,145,91,400400.0,35099.72,1457250.0,127744.9
2024-11,C027,S3,P4,SEK,1580.31,16545010.22,1442019.46,164,103,453200.0,39499.72,1648200.0,143652.77
2024-12,C027,S3,P4,SEK,1310.62,13712836.59,1200563.53,136,85,374000.0,32743.83,1366800.0,119663.81
2025-01,C027,S3,P4,SEK,1284.48,13045449.97,1095998.42,133,84,388080.0,32604.09,1376550.0,115649.26
2025-02,C027,S3,P4,SEK,1324.85,13360180.82,1125513.32,138,86,397320.0,33471.77,1428300.0,120325.52
2025-03,C027,S3,P4,SEK,1528.68,15359357.81,1287920.86,159,100,462000.0,38739.86,1645650.0,137991.9
2025-04,C027,S3,P4,SEK,1358.12,13743852.64,1161190.66,141,88,406560.0,34349.44,1459350.0,123297.57
2025-05,C027,S3,P4,SEK,1458.6,14757441.73,1238684.7,152,95,438900.0,36839.63,1573200.0,132048.55
2025-06,C027,S3,P4,SEK,1338.69,13487730.79,1138714.43,139,87,401940.0,33934.16,1438650.0,121459.39
2025-07,C027,S3,P4,SEK,1287.47,13065896.65,1097845.35,134,84,388080.0,32607.93,1386900.0,116532.51
2025-08,C027,S3,P4,SEK,1301.05,13206701.86,1122799.27,135,85,392700.0,33386.33,1397250.0,118790.54
2025-09,C027,S3,P4,SEK,1497.98,15104840.12,1267822.74,156,98,452760.0,38002.35,1614600.0,135521.24
2025-10,C027,S3,P4,SEK,1501.3,15199356.5,1281002.98,156,98,452760.0,38158.65,1614600.0,136078.62
2025-11,C027,S3,P4,SEK,1454.69,14628208.44,1232606.86,151,95,438900.0,36982.73,1562850.0,131689.38
2025-12,C027,S3,P4,SEK,1358.28,13762983.07,1161070.64,141,88,406560.0,34298.15,1459350.0,123113.46
2024-01,C028,S3,P3,SEK,610.93,6308083.43,550659.81,47,38,167200.0,14595.61,472350.0,41233.47
2024-02,C028,S3,P3,SEK,636.44,6552063.4,572822.94,49,40,176000.0,15387.04,492450.0,43053.1
2024-03,C028,S3,P3,SEK,707.86,7307390.99,640319.57,54,44,193600.0,16964.45,542700.0,47554.79
2024-04,C028,S3,P3,SEK,595.26,6118096.72,533241.82,45,37,162800.0,14189.34,452250.0,39417.26
2024-05,C028,S3,P3,SEK,667.25,6915703.06,605064.27,51,42,184800.0,16168.4,512550.0,44843.7
2024-06,C028,S3,P3,SEK,623.83,6440738.4,564318.68,48,39,171600.0,15035.09,482400.0,42266.48
2024-07,C028,S3,P3,SEK,539.48,5587182.2,492827.22,41,34,149600.0,13195.73,412050.0,36345.59
2024-08,C028,S3,P3,SEK,560.74,5815774.56,507839.2,43,35,154000.0,13447.43,432150.0,37735.77
2024-09,C028,S3,P3,SEK,639.84,6613294.87,580470.01,49,40,176000.0,15448.08,492450.0,43223.91
2024-10,C028,S3,P3,SEK,748.22,7749867.0,679365.94,57,47,206800.0,18128.42,572850.0,50216.96
2024-11,C028,S3,P3,SEK,738.15,7597877.78,662210.99,56,46,202400.0,17640.65,562800.0,49052.16
2024-12,C028,S3,P3,SEK,639.41,6574106.21,575565.24,49,40,176000.0,15408.86,492450.0,43114.17
2025-01,C028,S3,P3,SEK,616.65,6453784.31,542207.24,47,39,180180.0,15137.61,486450.0,40868.54
2025-02,C028,S3,P3,SEK,663.5,6977437.25,587806.31,51,42,194040.0,16346.68,527850.0,44468.13
2025-03,C028,S3,P3,SEK,668.18,6968244.56,584304.87,51,42,194040.0,16270.74,527850.0,44261.55
2025-04,C028,S3,P3,SEK,610.85,6374991.49,538610.3,47,38,175560.0,14832.71,486450.0,41099.19
2025-05,C028,S3,P3,SEK,695.46,7267825.82,610034.23,53,44,203280.0,17062.57,548550.0,46043.24
2025-06,C028,S3,P3,SEK,653.78,6849568.65,578281.31,50,41,189420.0,15991.96,517500.0,43690.43
2025-07,C028,S3,P3,SEK,605.43,6363023.06,534644.92,46,38,175560.0,14751.21,476100.0,40003.7
2025-08,C028,S3,P3,SEK,642.37,6757093.43,574470.42,49,40,184800.0,15711.21,507150.0,43116.57
2025-09,C028,S3,P3,SEK,716.84,7491580.17,628804.78,55,45,207900.0,17450.06,569250.0,47779.92
2025-10,C028,S3,P3,SEK,758.5,7938032.0,669017.97,58,48,221760.0,18689.95,600300.0,50593.33
2025-11,C028,S3,P3,SEK,764.46,8033961.11,676960.25,58,48,221760.0,18686.01,600300.0,50582.67
2025-12,C028,S3,P3,SEK,627.21,6567566.17,554052.0,48,39,180180.0,15200.32,496800.0,41910.96
2024-01,C029,S5,P1,EUR,238.33,279134.84,279134.84,11,18,6930.0,6930.0,9680.0,9680.0
2024-02,C029,S5,P1,EUR,273.93,321153.4,321153.4,13,21,8085.0,8085.0,11440.0,11440.0
2024-03,C029,S5,P1,EUR,258.11,303400.1,303400.1,12,20,7700.0,7700.0,10560.0,10560.0
2024-04,C029,S5,P1,EUR,271.01,315743.93,315743.93,13,21,8085.0,8085.0,11440.0,11440.0
2024-05,C029,S5,P1,EUR,255.47,301397.37,301397.37,12,19,7315.0,7315.0,10560.0,10560.0
2024-06,C029,S5,P1,EUR,282.97,331915.08,331915.08,13,21,8085.0,8085.0,11440.0,11440.0
2024-07,C029,S5,P1,EUR,225.91,264159.78,264159.78,11,17,6545.0,6545.0,9680.0,9680.0
2024-08,C029,S5,P1,EUR,267.18,315181.74,315181.74,13,20,7700.0,7700.0,11440.0,11440.0
2024-09,C029,S5,P1,EUR,288.77,341046.48,341046.48,14,22,8470.0,8470.0,12320.0,12320.0
2024-10,C029,S5,P1,EUR,302.74,355851.52,355851.52,14,23,8855.0,8855.0,12320.0,12320.0
2024-11,C029,S5,P1,EUR,267.48,315659.83,315659.83,13,20,7700.0,7700.0,11440.0,11440.0
2024-12,C029,S5,P1,EUR,292.6,345127.78,345127.78,14,22,8470.0,8470.0,12320.0,12320.0
2025-01,C029,S5,P1,EUR,274.68,328278.58,328278.58,13,21,8484.0,8484.0,11765.0,11765.0
2025-02,C029,S5,P1,EUR,271.91,324945.34,324945.34,13,21,8484.0,8484.0,11765.0,11765.0
2025-03,C029,S5,P1,EUR,257.34,310320.84,310320.84,12,20,8080.0,8080.0,10860.0,10860.0
2025-04,C029,S5,P1,EUR,284.22,338406.86,338406.86,13,22,8888.0,8888.0,11765.0,11765.0
2025-05,C029,S5,P1,EUR,307.98,369437.72,369437.72,15,23,9292.0,9292.0,13575.0,13575.0
2025-06,C029,S5,P1,EUR,269.37,322373.76,322373.76,13,20,8080.0,8080.0,11765.0,11765.0
2025-07,C029,S5,P1,EUR,258.17,306111.17,306111.17,12,20,8080.0,8080.0,10860.0,10860.0
2025-08,C029,S5,P1,EUR,266.01,318041.15,318041.15,13,20,8080.0,8080.0,11765.0,11765.0
2025-09,C029,S5,P1,EUR,291.26,350165.39,350165.39,14,22,8888.0,8888.0,12670.0,12670.0
2025-10,C029,S5,P1,EUR,291.64,346699.2,346699.2,14,22,8888.0,8888.0,12670.0,12670.0
2025-11,C029,S5,P1,EUR,285.34,344763.62,344763.62,14,22,8888.0,8888.0,12670.0,12670.0
2025-12,C029,S5,P1,EUR,283.81,336301.39,336301.39,13,22,8888.0,8888.0,11765.0,11765.0
2024-01,C030,S2,P3,SEK,368.21,4264871.82,372299.05,25,24,105600.0,9218.28,251250.0,21932.7
2024-02,C030,S2,P3,SEK,359.08,4128462.71,360936.4,25,23,101200.0,8847.55,251250.0,21965.87
2024-03,C030,S2,P3,SEK,463.66,5326761.35,466764.34,32,30,132000.0,11566.67,321600.0,28180.62
2024-04,C030,S2,P3,SEK,418.88,4799607.07,418324.74,29,27,118800.0,10354.38,291450.0,25402.23
2024-05,C030,S2,P3,SEK,353.75,4058049.22,355044.25,24,23,101200.0,8854.13,241200.0,21102.92
2024-06,C030,S2,P3,SEK,382.26,4394970.56,385074.48,26,24,105600.0,9252.36,261300.0,22894.34
2024-07,C030,S2,P3,SEK,353.09,4046159.22,356898.58,24,23,101200.0,8926.52,241200.0,21275.47
2024-08,C030,S2,P3,SEK,376.78,4334663.62,378507.13,26,24,105600.0,9221.1,261300.0,22816.98
2024-09,C030,S2,P3,SEK,425.97,4883604.35,428649.55,29,27,118800.0,10427.46,291450.0,25581.5
2024-10,C030,S2,P3,SEK,446.43,5138507.84,450449.95,31,29,127600.0,11185.62,311550.0,27310.98
2024-11,C030,S2,P3,SEK,490.64,5624936.46,490254.63,34,31,136400.0,11888.26,341700.0,29781.67
2024-12,C030,S2,P3,SEK,379.12,4383479.48,383775.13,26,24,105600.0,9245.32,261300.0,22876.9
2025-01,C030,S2,P3,SEK,418.87,4903740.8,411982.12,29,27,124740.0,10479.89,300150.0,25216.76
2025-02,C030,S2,P3,SEK,419.68,4912035.03,413808.84,29,27,124740.0,10508.58,300150.0,25285.8
2025-03,C030,S2,P3,SEK,439.81,5177901.19,434180.06,30,28,129360.0,10847.16,310500.0,26036.21
2025-04,C030,S2,P3,SEK,420.16,4911109.26,414929.81,29,27,124740.0,10539.03,300150.0,25359.07
2025-05,C030,S2,P3,SEK,404.52,4736046.27,397526.09,28,26,120120.0,10082.43,289800.0,24324.73
2025-06,C030,S2,P3,SEK,395.63,4598424.57,388226.34,27,25,115500.0,9751.2,279450.0,23592.83
2025-07,C030,S2,P3,SEK,377.28,4432860.17,372465.44,26,24,110880.0,9316.55,269100.0,22610.79
2025-08,C030,S2,P3,SEK,402.12,4681096.28,397974.57,28,26,120120.0,10212.29,289800.0,24638.04
2025-09,C030,S2,P3,SEK,427.75,4995054.81,419259.26,29,27,124740.0,10470.04,300150.0,25193.05
2025-10,C030,S2,P3,SEK,424.9,4964698.53,418425.19,29,27,124740.0,10513.1,300150.0,25296.67
2025-11,C030,S2,P3,SEK,480.88,5638669.05,475127.37,33,31,143220.0,12068.05,341550.0,28779.8
2025-12,C030,S2,P3,SEK,446.15,5204573.89,439067.46,31,29,133980.0,11302.8,320850.0,27067.5
2024-01,C031,S4,P1,EUR,316.09,405305.95,405305.95,29,23,8855.0,8855.0,25520.0,25520.0
2024-02,C031,S4,P1,EUR,303.59,386861.41,386861.41,28,22,8470.0,8470.0,24640.0,24640.0
2024-03,C031,S4,P1,EUR,323.64,410908.25,410908.25,30,24,9240.0,9240.0,26400.0,26400.0
2024-04,C031,S4,P1,EUR,341.74,435092.06,435092.06,32,25,9625.0,9625.0,28160.0,28160.0
2024-05,C031,S4,P1,EUR,300.48,382936.12,382936.12,28,22,8470.0,8470.0,24640.0,24640.0
2024-06,C031,S4,P1,EUR,303.2,385749.8,385749.8,28,22,8470.0,8470.0,24640.0,24640.0
2024-07,C031,S4,P1,EUR,335.71,426274.59,426274.59,31,25,9625.0,9625.0,27280.0,27280.0
2024-08,C031,S4,P1,EUR,342.6,435978.4,435978.4,32,25,9625.0,9625.0,28160.0,28160.0
2024-09,C031,S4,P1,EUR,354.28,451393.71,451393.71,33,26,10010.0,10010.0,29040.0,29040.0
2024-10,C031,S4,P1,EUR,332.31,423105.1,423105.1,31,24,9240.0,9240.0,27280.0,27280.0
2024-11,C031,S4,P1,EUR,386.4,496737.1,496737.1,36,28,10780.0,10780.0,31680.0,31680.0
2024-12,C031,S4,P1,EUR,377.3,477008.97,477008.97,35,28,10780.0,10780.0,30800.0,30800.0
2025-01,C031,S4,P1,EUR,311.31,402750.91,402750.91,29,23,9292.0,9292.0,26245.0,26245.0
2025-02,C031,S4,P1,EUR,335.16,431764.41,431764.41,31,25,10100.0,10100.0,28055.0,28055.0
2025-03,C031,S4,P1,EUR,361.59,470423.98,470423.98,33,27,10908.0,10908.0,29865.0,29865.0
2025-04,C031,S4,P1,EUR,368.28,475909.16,475909.16,34,27,10908.0,10908.0,30770.0,30770.0
2025-05,C031,S4,P1,EUR,387.8,504926.57,504926.57,36,29,11716.0,11716.0,32580.0,32580.0
2025-06,C031,S4,P1,EUR,362.72,473375.79,473375.79,33,27,10908.0,10908.0,29865.0,29865.0
2025-07,C031,S4,P1,EUR,302.7,390636.16,390636.16,28,22,8888.0,8888.0,25340.0,25340.0
2025-08,C031,S4,P1,EUR,317.05,410913.62,410913.62,29,23,9292.0,9292.0,26245.0,26245.0
2025-09,C031,S4,P1,EUR,348.11,452879.0,452879.0,32,26,10504.0,10504.0,28960.0,28960.0
2025-10,C031,S4,P1,EUR,370.82,483173.67,483173.67,34,27,10908.0,10908.0,30770.0,30770.0
2025-11,C031,S4,P1,EUR,416.0,538044.15,538044.15,38,31,12524.0,12524.0,34390.0,34390.0
2025-12,C031,S4,P1,EUR,366.34,471917.91,471917.91,34,27,10908.0,10908.0,30770.0,30770.0
2024-01,C032,S5,P2,EUR,390.3,432889.12,432889.12,23,29,11165.0,11165.0,20240.0,20240.0
2024-02,C032,S5,P2,EUR,424.1,476044.54,476044.54,25,31,11935.0,11935.0,22000.0,22000.0
2024-03,C032,S5,P2,EUR,420.83,469897.55,469897.55,25,31,11935.0,11935.0,22000.0,22000.0
2024-04,C032,S5,P2,EUR,407.02,457450.27,457450.27,24,30,11550.0,11550.0,21120.0,21120.0
2024-05,C032,S5,P2,EUR,397.26,443520.29,443520.29,23,29,11165.0,11165.0,20240.0,20240.0
2024-06,C032,S5,P2,EUR,441.78,497133.81,497133.81,26,33,12705.0,12705.0,22880.0,22880.0
2024-07,C032,S5,P2,EUR,364.03,410315.83,410315.83,21,27,10395.0,10395.0,18480.0,18480.0
2024-08,C032,S5,P2,EUR,422.18,471553.71,471553.71,25,31,11935.0,11935.0,22000.0,22000.0
2024-09,C032,S5,P2,EUR,413.55,463829.51,463829.51,24,31,11935.0,11935.0,21120.0,21120.0
2024-10,C032,S5,P2,EUR,452.93,506741.19,506741.19,26,33,12705.0,12705.0,22880.0,22880.0
2024-11,C032,S5,P2,EUR,449.29,500896.21,500896.21,26,33,12705.0,12705.0,22880.0,22880.0
2024-12,C032,S5,P2,EUR,435.35,485148.79,485148.79,25,32,12320.0,12320.0,22000.0,22000.0
2025-01,C032,S5,P2,EUR,400.72,455397.74,455397.74,23,30,12120.0,12120.0,20815.0,20815.0
2025-02,C032,S5,P2,EUR,363.09,413760.66,413760.66,21,27,10908.0,10908.0,19005.0,19005.0
2025-03,C032,S5,P2,EUR,421.22,481704.71,481704.71,25,31,12524.0,12524.0,22625.0,22625.0
2025-04,C032,S5,P2,EUR,409.37,464096.59,464096.59,24,30,12120.0,12120.0,21720.0,21720.0
2025-05,C032,S5,P2,EUR,409.13,469311.63,469311.63,24,30,12120.0,12120.0,21720.0,21720.0
2025-06,C032,S5,P2,EUR,359.18,409893.04,409893.04,21,27,10908.0,10908.0,19005.0,19005.0
2025-07,C032,S5,P2,EUR,326.79,372484.72,372484.72,19,24,9696.0,9696.0,17195.0,17195.0
2025-08,C032,S5,P2,EUR,360.28,411594.48,411594.48,21,27,10908.0,10908.0,19005.0,19005.0
2025-09,C032,S5,P2,EUR,403.42,455492.06,455492.06,24,30,12120.0,12120.0,21720.0,21720.0
2025-10,C032,S5,P2,EUR,455.72,524233.8,524233.8,27,34,13736.0,13736.0,24435.0,24435.0
2025-11,C032,S5,P2,EUR,390.22,442922.0,442922.0,23,29,11716.0,11716.0,20815.0,20815.0
2025-12,C032,S5,P2,EUR,349.95,396705.02,396705.02,20,26,10504.0,10504.0,18100.0,18100.0
2024-01,C033,S4,P1,EUR,487.25,599846.21,599846.21,34,33,12705.0,12705.0,29920.0,29920.0
2024-02,C033,S4,P1,EUR,465.44,576631.23,576631.23,33,32,12320.0,12320.0,29040.0,29040.0
2024-03,C033,S4,P1,EUR,451.12,559292.77,559292.77,32,31,11935.0,11935.0,28160.0,28160.0
2024-04,C033,S4,P1,EUR,518.12,643413.69,643413.69,36,35,13475.0,13475.0,31680.0,31680.0
2024-05,C033,S4,P1,EUR,436.67,541629.34,541629.34,31,30,11550.0,11550.0,27280.0,27280.0
2024-06,C033,S4,P1,EUR,402.81,498725.2,498725.2,28,27,10395.0,10395.0,24640.0,24640.0
2024-07,C033,S4,P1,EUR,393.97,490329.69,490329.69,28,27,10395.0,10395.0,24640.0,24640.0
2024-08,C033,S4,P1,EUR,450.57,560260.03,560260.03,32,31,11935.0,11935.0,28160.0,28160.0
2024-09,C033,S4,P1,EUR,451.54,556850.83,556850.83,32,31,11935.0,11935.0,28160.0,28160.0
2024-10,C033,S4,P1,EUR,487.16,604787.12,604787.12,34,33,12705.0,12705.0,29920.0,29920.0
2024-11,C033,S4,P1,EUR,498.84,619253.96,619253.96,35,34,13090.0,13090.0,30800.0,30800.0
2024-12,C033,S4,P1,EUR,462.22,574633.47,574633.47,32,32,12320.0,12320.0,28160.0,28160.0
2025-01,C033,S4,P1,EUR,410.36,515087.75,515087.75,29,28,11312.0,11312.0,26245.0,26245.0
2025-02,C033,S4,P1,EUR,404.45,509632.15,509632.15,28,28,11312.0,11312.0,25340.0,25340.0
2025-03,C033,S4,P1,EUR,402.83,507819.67,507819.67,28,27,10908.0,10908.0,25340.0,25340.0
2025-04,C033,S4,P1,EUR,436.5,548059.88,548059.88,31,30,12120.0,12120.0,28055.0,28055.0
2025-05,C033,S4,P1,EUR,418.01,525981.3,525981.3,29,29,11716.0,11716.0,26245.0,26245.0
2025-06,C033,S4,P1,EUR,416.08,524333.68,524333.68,29,28,11312.0,11312.0,26245.0,26245.0
2025-07,C033,S4,P1,EUR,368.06,464152.4,464152.4,26,25,10100.0,10100.0,23530.0,23530.0
2025-08,C033,S4,P1,EUR,394.3,498320.7,498320.7,28,27,10908.0,10908.0,25340.0,25340.0
2025-09,C033,S4,P1,EUR,429.61,538382.8,538382.8,30,29,11716.0,11716.0,27150.0,27150.0
2025-10,C033,S4,P1,EUR,445.6,560603.31,560603.31,31,30,12120.0,12120.0,28055.0,28055.0
2025-11,C033,S4,P1,EUR,480.41,606383.02,606383.02,34,33,13332.0,13332.0,30770.0,30770.0
2025-12,C033,S4,P1,EUR,421.94,529771.19,529771.19,30,29,11716.0,11716.0,27150.0,27150.0
2024-01,C034,S4,P3,SEK,386.68,5546522.19,484179.84,32,26,114400.0,9986.47,321600.0,28073.85
2024-02,C034,S4,P3,SEK,374.04,5369403.65,469427.33,31,25,110000.0,9616.9,311550.0,27237.68
2024-03,C034,S4,P3,SEK,388.89,5557355.63,486970.46,32,27,118800.0,10410.0,321600.0,28180.62
2024-04,C034,S4,P3,SEK,380.78,5441220.73,474246.58,32,26,114400.0,9970.89,321600.0,28030.05
2024-05,C034,S4,P3,SEK,369.59,5298594.96,463581.28,31,25,110000.0,9624.05,311550.0,27257.93
2024-06,C034,S4,P3,SEK,362.45,5188205.67,454575.42,30,25,110000.0,9637.88,301500.0,26416.55
2024-07,C034,S4,P3,SEK,315.85,4507400.6,397583.19,26,22,96800.0,8538.41,261300.0,23048.43
2024-08,C034,S4,P3,SEK,375.68,5356115.67,467701.33,31,26,114400.0,9989.52,311550.0,27204.86
2024-09,C034,S4,P3,SEK,377.47,5415456.88,475331.95,31,26,114400.0,10041.25,311550.0,27345.74
2024-10,C034,S4,P3,SEK,428.22,6079660.21,532952.9,36,29,127600.0,11185.62,361800.0,31715.98
2024-11,C034,S4,P3,SEK,387.28,5488478.53,478361.31,32,26,114400.0,9970.8,321600.0,28029.81
2024-12,C034,S4,P3,SEK,371.35,5309899.16,464883.48,31,25,110000.0,9630.54,311550.0,27276.31
2025-01,C034,S4,P3,SEK,375.92,5438031.24,456869.92,31,26,120120.0,10091.74,320850.0,26955.84
2025-02,C034,S4,P3,SEK,324.3,4657831.56,392393.75,27,22,101640.0,8562.55,279450.0,23541.95
2025-03,C034,S4,P3,SEK,371.02,5391099.97,452057.32,31,25,115500.0,9684.97,320850.0,26904.08
2025-04,C034,S4,P3,SEK,387.93,5584946.42,471860.97,32,26,120120.0,10148.7,331200.0,27982.43
2025-05,C034,S4,P3,SEK,388.74,5626616.13,472277.2,32,26,120120.0,10082.43,331200.0,27799.69
2025-06,C034,S4,P3,SEK,333.95,4831542.11,407907.51,28,23,106260.0,8971.1,289800.0,24466.64
2025-07,C034,S4,P3,SEK,307.21,4454094.27,374249.61,25,21,97020.0,8151.98,258750.0,21741.14
2025-08,C034,S4,P3,SEK,362.0,5227589.72,444436.01,30,25,115500.0,9819.51,310500.0,26397.9
2025-09,C034,S4,P3,SEK,348.78,5028477.38,422064.58,29,24,110880.0,9306.7,300150.0,25193.05
2025-10,C034,S4,P3,SEK,366.81,5312967.74,447777.34,30,25,115500.0,9734.35,310500.0,26168.96
2025-11,C034,S4,P3,SEK,384.71,5592970.18,471276.67,32,26,120120.0,10121.59,331200.0,27907.68
2025-12,C034,S4,P3,SEK,345.47,4985583.91,420593.06,29,24,110880.0,9354.04,300150.0,25321.21
2024-01,C035,S4,P5,EUR,333.98,424425.28,424425.28,26,24,9240.0,9240.0,22880.0,22880.0
2024-02,C035,S4,P5,EUR,308.47,392940.39,392940.39,24,22,8470.0,8470.0,21120.0,21120.0
2024-03,C035,S4,P5,EUR,369.31,471298.95,471298.95,29,27,10395.0,10395.0,25520.0,25520.0
2024-04,C035,S4,P5,EUR,340.59,434175.12,434175.12,26,25,9625.0,9625.0,22880.0,22880.0
2024-05,C035,S4,P5,EUR,313.89,399480.11,399480.11,24,23,8855.0,8855.0,21120.0,21120.0
2024-06,C035,S4,P5,EUR,357.72,451751.5,451751.5,28,26,10010.0,10010.0,24640.0,24640.0
2024-07,C035,S4,P5,EUR,285.47,364010.12,364010.12,22,21,8085.0,8085.0,19360.0,19360.0
2024-08,C035,S4,P5,EUR,325.11,413721.36,413721.36,25,24,9240.0,9240.0,22000.0,22000.0
2024-09,C035,S4,P5,EUR,365.66,462363.26,462363.26,28,27,10395.0,10395.0,24640.0,24640.0
2024-10,C035,S4,P5,EUR,344.13,441424.9,441424.9,27,25,9625.0,9625.0,23760.0,23760.0
2024-11,C035,S4,P5,EUR,381.19,487175.09,487175.09,30,28,10780.0,10780.0,26400.0,26400.0
2024-12,C035,S4,P5,EUR,392.98,502042.55,502042.55,31,29,11165.0,11165.0,27280.0,27280.0
2025-01,C035,S4,P5,EUR,294.16,380772.12,380772.12,23,21,8484.0,8484.0,20815.0,20815.0
2025-02,C035,S4,P5,EUR,301.98,391928.61,391928.61,23,22,8888.0,8888.0,20815.0,20815.0
2025-03,C035,S4,P5,EUR,354.46,461421.76,461421.76,28,26,10504.0,10504.0,25340.0,25340.0
2025-04,C035,S4,P5,EUR,320.88,418031.28,418031.28,25,23,9292.0,9292.0,22625.0,22625.0
2025-05,C035,S4,P5,EUR,364.36,471048.22,471048.22,28,27,10908.0,10908.0,25340.0,25340.0
2025-06,C035,S4,P5,EUR,294.06,381493.69,381493.69,23,21,8484.0,8484.0,20815.0,20815.0
2025-07,C035,S4,P5,EUR,283.09,366163.74,366163.74,22,21,8484.0,8484.0,19910.0,19910.0
2025-08,C035,S4,P5,EUR,357.48,460498.79,460498.79,28,26,10504.0,10504.0,25340.0,25340.0
2025-09,C035,S4,P5,EUR,340.7,441754.93,441754.93,26,25,10100.0,10100.0,23530.0,23530.0
2025-10,C035,S4,P5,EUR,354.17,457230.35,457230.35,28,26,10504.0,10504.0,25340.0,25340.0
2025-11,C035,S4,P5,EUR,383.91,498553.88,498553.88,30,28,11312.0,11312.0,27150.0,27150.0
2025-12,C035,S4,P5,EUR,346.66,450659.28,450659.28,27,25,10100.0,10100.0,24435.0,24435.0
2024-01,C036,S2,P5,EUR,439.86,434606.83,434606.83,28,32,12320.0,12320.0,24640.0,24640.0
2024-02,C036,S2,P5,EUR,430.55,427143.92,427143.92,27,31,11935.0,11935.0,23760.0,23760.0
2024-03,C036,S2,P5,EUR,442.82,443058.76,443058.76,28,32,12320.0,12320.0,24640.0,24640.0
2024-04,C036,S2,P5,EUR,420.03,417208.26,417208.26,26,30,11550.0,11550.0,22880.0,22880.0
2024-05,C036,S2,P5,EUR,442.44,441212.23,441212.23,28,32,12320.0,12320.0,24640.0,24640.0
2024-06,C036,S2,P5,EUR,387.45,385948.02,385948.02,24,28,10780.0,10780.0,21120.0,21120.0
2024-07,C036,S2,P5,EUR,368.2,364734.28,364734.28,23,26,10010.0,10010.0,20240.0,20240.0
2024-08,C036,S2,P5,EUR,369.32,366240.19,366240.19,23,26,10010.0,10010.0,20240.0,20240.0
2024-09,C036,S2,P5,EUR,467.2,464763.0,464763.0,29,33,12705.0,12705.0,25520.0,25520.0
2024-10,C036,S2,P5,EUR,479.31,473459.51,473459.51,30,34,13090.0,13090.0,26400.0,26400.0
2024-11,C036,S2,P5,EUR,466.69,464989.24,464989.24,29,33,12705.0,12705.0,25520.0,25520.0
2024-12,C036,S2,P5,EUR,452.45,452352.65,452352.65,28,32,12320.0,12320.0,24640.0,24640.0
2025-01,C036,S2,P5,EUR,347.11,334050.15,334050.15,22,25,10100.0,10100.0,19910.0,19910.0
2025-02,C036,S2,P5,EUR,352.51,339247.36,339247.36,22,25,10100.0,10100.0,19910.0,19910.0
2025-03,C036,S2,P5,EUR,361.77,347232.76,347232.76,23,26,10504.0,10504.0,20815.0,20815.0
2025-04,C036,S2,P5,EUR,386.45,371038.11,371038.11,24,28,11312.0,11312.0,21720.0,21720.0
2025-05,C036,S2,P5,EUR,388.47,371943.37,371943.37,24,28,11312.0,11312.0,21720.0,21720.0
2025-06,C036,S2,P5,EUR,354.1,340422.14,340422.14,22,25,10100.0,10100.0,19910.0,19910.0
2025-07,C036,S2,P5,EUR,317.5,304816.26,304816.26,20,23,9292.0,9292.0,18100.0,18100.0
2025-08,C036,S2,P5,EUR,405.6,389493.22,389493.22,25,29,11716.0,11716.0,22625.0,22625.0
2025-09,C036,S2,P5,EUR,396.84,383636.9,383636.9,25,28,11312.0,11312.0,22625.0,22625.0
2025-10,C036,S2,P5,EUR,424.82,405840.04,405840.04,27,30,12120.0,12120.0,24435.0,24435.0
2025-11,C036,S2,P5,EUR,425.37,408975.85,408975.85,27,30,12120.0,12120.0,24435.0,24435.0
2025-12,C036,S2,P5,EUR,439.52,420226.1,420226.1,28,31,12524.0,12524.0,25340.0,25340.0
2024-01,C037,S5,P4,SEK,258.18,3357317.07,293074.69,16,16,70400.0,6145.52,160800.0,14036.93
2024-02,C037,S5,P4,SEK,253.54,3292527.2,287853.61,15,16,70400.0,6154.81,150750.0,13179.52
2024-03,C037,S5,P4,SEK,255.93,3308600.24,289920.37,16,16,70400.0,6168.89,160800.0,14090.31
2024-04,C037,S5,P4,SEK,234.71,3031730.12,264239.9,14,14,61600.0,5368.94,140700.0,12263.15
2024-05,C037,S5,P4,SEK,252.32,3276493.72,286664.89,15,16,70400.0,6159.39,150750.0,13189.32
2024-06,C037,S5,P4,SEK,254.28,3282125.82,287570.28,16,16,70400.0,6168.24,160800.0,14088.83
2024-07,C037,S5,P4,SEK,220.11,2855615.35,251884.57,13,14,61600.0,5433.54,130650.0,11524.21
2024-08,C037,S5,P4,SEK,230.98,3004996.61,262399.28,14,14,61600.0,5378.97,140700.0,12286.06
2024-09,C037,S5,P4,SEK,281.21,3651840.38,320533.69,17,17,74800.0,6565.43,170850.0,14996.05
2024-10,C037,S5,P4,SEK,285.81,3702508.47,324567.91,17,18,79200.0,6942.8,170850.0,14976.99
2024-11,C037,S5,P4,SEK,294.09,3803216.55,331478.32,18,18,79200.0,6902.86,180900.0,15766.77
2024-12,C037,S5,P4,SEK,260.6,3389086.04,296715.64,16,16,70400.0,6163.54,160800.0,14078.09
2025-01,C037,S5,P4,SEK,264.21,3314037.98,278425.07,16,16,73920.0,6210.3,165600.0,13912.69
2025-02,C037,S5,P4,SEK,271.85,3406254.69,286956.07,17,17,78540.0,6616.51,175950.0,14822.71
2025-03,C037,S5,P4,SEK,274.36,3420037.55,286778.77,17,17,78540.0,6585.78,175950.0,14753.85
2025-04,C037,S5,P4,SEK,278.72,3519745.97,297376.31,17,17,78540.0,6635.69,175950.0,14865.66
2025-05,C037,S5,P4,SEK,266.06,3337592.88,280145.12,16,16,73920.0,6204.57,165600.0,13899.85
2025-06,C037,S5,P4,SEK,239.37,3008674.36,254010.18,15,15,69300.0,5850.72,155250.0,13107.13
2025-07,C037,S5,P4,SEK,235.98,2957387.65,248490.74,14,15,69300.0,5822.84,144900.0,12175.04
2025-08,C037,S5,P4,SEK,260.84,3263035.69,277414.76,16,16,73920.0,6284.49,165600.0,14078.88
2025-09,C037,S5,P4,SEK,281.82,3541502.93,297255.58,17,17,78540.0,6592.24,175950.0,14768.34
2025-10,C037,S5,P4,SEK,280.49,3512628.43,296044.6,17,17,78540.0,6619.36,175950.0,14829.08
2025-11,C037,S5,P4,SEK,284.24,3543646.86,298595.93,17,17,78540.0,6617.96,175950.0,14825.96
2025-12,C037,S5,P4,SEK,252.35,3172841.87,267666.79,15,16,73920.0,6236.03,155250.0,13097.18
2024-01,C038,S1,P5,EUR,355.81,366656.56,366656.56,23,30,11550.0,11550.0,20240.0,20240.0
2024-02,C038,S1,P5,EUR,357.22,364540.39,364540.39,23,30,11550.0,11550.0,20240.0,20240.0
2024-03,C038,S1,P5,EUR,371.17,376943.94,376943.94,24,32,12320.0,12320.0,21120.0,21120.0
2024-04,C038,S1,P5,EUR,331.85,338345.44,338345.44,21,28,10780.0,10780.0,18480.0,18480.0
2024-05,C038,S1,P5,EUR,336.67,342284.85,342284.85,21,29,11165.0,11165.0,18480.0,18480.0
2024-06,C038,S1,P5,EUR,328.1,335268.42,335268.42,21,28,10780.0,10780.0,18480.0,18480.0
2024-07,C038,S1,P5,EUR,327.97,335006.03,335006.03,21,28,10780.0,10780.0,18480.0,18480.0
2024-08,C038,S1,P5,EUR,370.97,379124.65,379124.65,24,32,12320.0,12320.0,21120.0,21120.0
2024-09,C038,S1,P5,EUR,376.88,382611.96,382611.96,24,32,12320.0,12320.0,21120.0,21120.0
2024-10,C038,S1,P5,EUR,355.21,361343.95,361343.95,23,30,11550.0,11550.0,20240.0,20240.0
2024-11,C038,S1,P5,EUR,407.91,416968.59,416968.59,26,35,13475.0,13475.0,22880.0,22880.0
2024-12,C038,S1,P5,EUR,358.14,365737.15,365737.15,23,31,11935.0,11935.0,20240.0,20240.0
2025-01,C038,S1,P5,EUR,348.31,361376.04,361376.04,22,30,12120.0,12120.0,19910.0,19910.0
2025-02,C038,S1,P5,EUR,388.1,403099.96,403099.96,25,33,13332.0,13332.0,22625.0,22625.0
2025-03,C038,S1,P5,EUR,415.88,432824.85,432824.85,26,35,14140.0,14140.0,23530.0,23530.0
2025-04,C038,S1,P5,EUR,399.8,415301.6,415301.6,25,34,13736.0,13736.0,22625.0,22625.0
2025-05,C038,S1,P5,EUR,371.12,385722.8,385722.8,24,32,12928.0,12928.0,21720.0,21720.0
2025-06,C038,S1,P5,EUR,358.99,370199.59,370199.59,23,31,12524.0,12524.0,20815.0,20815.0
2025-07,C038,S1,P5,EUR,330.57,346239.31,346239.31,21,28,11312.0,11312.0,19005.0,19005.0
2025-08,C038,S1,P5,EUR,391.92,405454.71,405454.71,25,33,13332.0,13332.0,22625.0,22625.0
2025-09,C038,S1,P5,EUR,409.52,427246.36,427246.36,26,35,14140.0,14140.0,23530.0,23530.0
2025-10,C038,S1,P5,EUR,419.91,434889.89,434889.89,27,36,14544.0,14544.0,24435.0,24435.0
2025-11,C038,S1,P5,EUR,368.94,382612.76,382612.76,24,31,12524.0,12524.0,21720.0,21720.0
2025-12,C038,S1,P5,EUR,385.91,400505.42,400505.42,25,33,13332.0,13332.0,22625.0,22625.0
2024-01,C039,S3,P5,EUR,524.51,475467.14,475467.14,46,46,17710.0,17710.0,40480.0,40480.0
2024-02,C039,S3,P5,EUR,530.05,480200.44,480200.44,47,47,18095.0,18095.0,41360.0,41360.0
2024-03,C039,S3,P5,EUR,588.57,532680.65,532680.65,52,52,20020.0,20020.0,45760.0,45760.0
2024-04,C039,S3,P5,EUR,609.16,552233.88,552233.88,54,53,20405.0,20405.0,47520.0,47520.0
2024-05,C039,S3,P5,EUR,623.18,564083.09,564083.09,55,55,21175.0,21175.0,48400.0,48400.0
2024-06,C039,S3,P5,EUR,568.28,514520.2,514520.2,50,50,19250.0,19250.0,44000.0,44000.0
2024-07,C039,S3,P5,EUR,472.73,424603.38,424603.38,42,41,15785.0,15785.0,36960.0,36960.0
2024-08,C039,S3,P5,EUR,562.89,503734.24,503734.24,50,49,18865.0,18865.0,44000.0,44000.0
2024-09,C039,S3,P5,EUR,543.83,491765.35,491765.35,48,48,18480.0,18480.0,42240.0,42240.0
2024-10,C039,S3,P5,EUR,552.47,498403.98,498403.98,49,48,18480.0,18480.0,43120.0,43120.0
2024-11,C039,S3,P5,EUR,629.96,572817.37,572817.37,56,55,21175.0,21175.0,49280.0,49280.0
2024-12,C039,S3,P5,EUR,560.68,508590.6,508590.6,50,49,18865.0,18865.0,44000.0,44000.0
2025-01,C039,S3,P5,EUR,533.25,483481.83,483481.83,47,47,18988.0,18988.0,42535.0,42535.0
2025-02,C039,S3,P5,EUR,469.5,433819.72,433819.72,41,41,16564.0,16564.0,37105.0,37105.0
2025-03,C039,S3,P5,EUR,564.45,520511.83,520511.83,50,50,20200.0,20200.0,45250.0,45250.0
2025-04,C039,S3,P5,EUR,558.39,511908.39,511908.39,49,49,19796.0,19796.0,44345.0,44345.0
2025-05,C039,S3,P5,EUR,561.78,514546.8,514546.8,50,49,19796.0,19796.0,45250.0,45250.0
2025-06,C039,S3,P5,EUR,548.22,502580.49,502580.49,48,48,19392.0,19392.0,43440.0,43440.0
2025-07,C039,S3,P5,EUR,512.04,470839.17,470839.17,45,45,18180.0,18180.0,40725.0,40725.0
2025-08,C039,S3,P5,EUR,527.91,485027.87,485027.87,47,46,18584.0,18584.0,42535.0,42535.0
2025-09,C039,S3,P5,EUR,602.64,557132.77,557132.77,53,53,21412.0,21412.0,47965.0,47965.0
2025-10,C039,S3,P5,EUR,636.67,583095.41,583095.41,56,56,22624.0,22624.0,50680.0,50680.0
2025-11,C039,S3,P5,EUR,575.67,524533.16,524533.16,51,51,20604.0,20604.0,46155.0,46155.0
2025-12,C039,S3,P5,EUR,605.47,558851.93,558851.93,53,53,21412.0,21412.0,47965.0,47965.0
2024-01,C040,S5,P1,EUR,351.62,405690.33,405690.33,30,28,10780.0,10780.0,26400.0,26400.0
2024-02,C040,S5,P1,EUR,411.15,476814.64,476814.64,35,32,12320.0,12320.0,30800.0,30800.0
2024-03,C040,S5,P1,EUR,446.46,519144.99,519144.99,38,35,13475.0,13475.0,33440.0,33440.0
2024-04,C040,S5,P1,EUR,393.24,460101.5,460101.5,33,31,11935.0,11935.0,29040.0,29040.0
2024-05,C040,S5,P1,EUR,389.44,451888.61,451888.61,33,31,11935.0,11935.0,29040.0,29040.0
2024-06,C040,S5,P1,EUR,407.53,472159.12,472159.12,35,32,12320.0,12320.0,30800.0,30800.0
2024-07,C040,S5,P1,EUR,383.59,447657.24,447657.24,33,30,11550.0,11550.0,29040.0,29040.0
2024-08,C040,S5,P1,EUR,405.71,468227.91,468227.91,34,32,12320.0,12320.0,29920.0,29920.0
2024-09,C040,S5,P1,EUR,435.69,505828.59,505828.59,37,34,13090.0,13090.0,32560.0,32560.0
2024-10,C040,S5,P1,EUR,467.84,543626.66,543626.66,40,37,14245.0,14245.0,35200.0,35200.0
2024-11,C040,S5,P1,EUR,460.4,537438.43,537438.43,39,36,13860.0,13860.0,34320.0,34320.0
2024-12,C040,S5,P1,EUR,403.74,470763.13,470763.13,34,32,12320.0,12320.0,29920.0,29920.0
2025-01,C040,S5,P1,EUR,448.36,529400.69,529400.69,38,35,14140.0,14140.0,34390.0,34390.0
2025-02,C040,S5,P1,EUR,479.16,563890.2,563890.2,41,38,15352.0,15352.0,37105.0,37105.0
2025-03,C040,S5,P1,EUR,451.25,529298.82,529298.82,38,35,14140.0,14140.0,34390.0,34390.0
2025-04,C040,S5,P1,EUR,465.03,546568.86,546568.86,40,36,14544.0,14544.0,36200.0,36200.0
2025-05,C040,S5,P1,EUR,482.69,566437.04,566437.04,41,38,15352.0,15352.0,37105.0,37105.0
2025-06,C040,S5,P1,EUR,446.21,525572.9,525572.9,38,35,14140.0,14140.0,34390.0,34390.0
2025-07,C040,S5,P1,EUR,405.84,480216.24,480216.24,34,32,12928.0,12928.0,30770.0,30770.0
2025-08,C040,S5,P1,EUR,433.41,513060.73,513060.73,37,34,13736.0,13736.0,33485.0,33485.0
2025-09,C040,S5,P1,EUR,430.48,506934.75,506934.75,37,34,13736.0,13736.0,33485.0,33485.0
2025-10,C040,S5,P1,EUR,534.72,626281.09,626281.09,45,42,16968.0,16968.0,40725.0,40725.0
2025-11,C040,S5,P1,EUR,489.37,575255.65,575255.65,42,38,15352.0,15352.0,38010.0,38010.0
2025-12,C040,S5,P1,EUR,483.87,572700.26,572700.26,41,38,15352.0,15352.0,37105.0,37105.0
2024-01,C041,S1,P5,EUR,308.84,316917.45,316917.45,25,18,6930.0,6930.0,22000.0,22000.0
2024-02,C041,S1,P5,EUR,354.28,364110.29,364110.29,28,21,8085.0,8085.0,24640.0,24640.0
2024-03,C041,S1,P5,EUR,381.66,392627.16,392627.16,31,23,8855.0,8855.0,27280.0,27280.0
2024-04,C041,S1,P5,EUR,360.0,372115.71,372115.71,29,22,8470.0,8470.0,25520.0,25520.0
2024-05,C041,S1,P5,EUR,314.33,321791.82,321791.82,25,19,7315.0,7315.0,22000.0,22000.0
2024-06,C041,S1,P5,EUR,348.02,355738.93,355738.93,28,21,8085.0,8085.0,24640.0,24640.0
2024-07,C041,S1,P5,EUR,268.59,274245.87,274245.87,22,16,6160.0,6160.0,19360.0,19360.0
2024-08,C041,S1,P5,EUR,352.81,362361.25,362361.25,28,21,8085.0,8085.0,24640.0,24640.0
2024-09,C041,S1,P5,EUR,368.11,380175.59,380175.59,30,22,8470.0,8470.0,26400.0,26400.0
2024-10,C041,S1,P5,EUR,392.47,402378.96,402378.96,31,24,9240.0,9240.0,27280.0,27280.0
2024-11,C041,S1,P5,EUR,368.71,376353.21,376353.21,30,22,8470.0,8470.0,26400.0,26400.0
2024-12,C041,S1,P5,EUR,358.81,366403.23,366403.23,29,21,8085.0,8085.0,25520.0,25520.0
2025-01,C041,S1,P5,EUR,358.02,372846.85,372846.85,29,21,8484.0,8484.0,26245.0,26245.0
2025-02,C041,S1,P5,EUR,326.04,340827.01,340827.01,26,20,8080.0,8080.0,23530.0,23530.0
2025-03,C041,S1,P5,EUR,393.57,410313.83,410313.83,32,24,9696.0,9696.0,28960.0,28960.0
2025-04,C041,S1,P5,EUR,364.68,379647.97,379647.97,29,22,8888.0,8888.0,26245.0,26245.0
2025-05,C041,S1,P5,EUR,360.57,377593.47,377593.47,29,22,8888.0,8888.0,26245.0,26245.0
2025-06,C041,S1,P5,EUR,360.6,378237.04,378237.04,29,22,8888.0,8888.0,26245.0,26245.0
2025-07,C041,S1,P5,EUR,353.65,369284.26,369284.26,28,21,8484.0,8484.0,25340.0,25340.0
2025-08,C041,S1,P5,EUR,334.57,349674.42,349674.42,27,20,8080.0,8080.0,24435.0,24435.0
2025-09,C041,S1,P5,EUR,384.31,400045.52,400045.52,31,23,9292.0,9292.0,28055.0,28055.0
2025-10,C041,S1,P5,EUR,426.7,443400.01,443400.01,34,26,10504.0,10504.0,30770.0,30770.0
2025-11,C041,S1,P5,EUR,446.21,463681.16,463681.16,36,27,10908.0,10908.0,32580.0,32580.0
2025-12,C041,S1,P5,EUR,398.5,412532.93,412532.93,32,24,9696.0,9696.0,28960.0,28960.0
2024-01,C042,S1,P2,EUR,368.51,366912.84,366912.84,24,28,10780.0,10780.0,21120.0,21120.0
2024-02,C042,S1,P2,EUR,353.34,350219.36,350219.36,23,27,10395.0,10395.0,20240.0,20240.0
2024-03,C042,S1,P2,EUR,407.31,405341.64,405341.64,27,31,11935.0,11935.0,23760.0,23760.0
2024-04,C042,S1,P2,EUR,393.46,392757.2,392757.2,26,30,11550.0,11550.0,22880.0,22880.0
2024-05,C042,S1,P2,EUR,377.49,374705.2,374705.2,25,29,11165.0,11165.0,22000.0,22000.0
2024-06,C042,S1,P2,EUR,409.11,411115.58,411115.58,27,31,11935.0,11935.0,23760.0,23760.0
2024-07,C042,S1,P2,EUR,310.1,309487.54,309487.54,20,24,9240.0,9240.0,17600.0,17600.0
2024-08,C042,S1,P2,EUR,382.05,380482.05,380482.05,25,29,11165.0,11165.0,22000.0,22000.0
2024-09,C042,S1,P2,EUR,403.59,404792.36,404792.36,26,31,11935.0,11935.0,22880.0,22880.0
2024-10,C042,S1,P2,EUR,383.09,383002.88,383002.88,25,29,11165.0,11165.0,22000.0,22000.0
2024-11,C042,S1,P2,EUR,390.94,389510.77,389510.77,26,30,11550.0,11550.0,22880.0,22880.0
2024-12,C042,S1,P2,EUR,358.95,358565.25,358565.25,23,27,10395.0,10395.0,20240.0,20240.0
2025-01,C042,S1,P2,EUR,444.44,426578.36,426578.36,29,34,13736.0,13736.0,26245.0,26245.0
2025-02,C042,S1,P2,EUR,430.25,414605.39,414605.39,28,33,13332.0,13332.0,25340.0,25340.0
2025-03,C042,S1,P2,EUR,475.11,459514.33,459514.33,31,36,14544.0,14544.0,28055.0,28055.0
2025-04,C042,S1,P2,EUR,428.75,411398.93,411398.93,28,33,13332.0,13332.0,25340.0,25340.0
2025-05,C042,S1,P2,EUR,446.01,431039.7,431039.7,29,34,13736.0,13736.0,26245.0,26245.0
2025-06,C042,S1,P2,EUR,408.93,395067.89,395067.89,27,31,12524.0,12524.0,24435.0,24435.0
2025-07,C042,S1,P2,EUR,388.07,373890.26,373890.26,25,30,12120.0,12120.0,22625.0,22625.0
2025-08,C042,S1,P2,EUR,424.97,410703.93,410703.93,28,32,12928.0,12928.0,25340.0,25340.0
2025-09,C042,S1,P2,EUR,497.88,478150.61,478150.61,32,38,15352.0,15352.0,28960.0,28960.0
2025-10,C042,S1,P2,EUR,510.69,492072.45,492072.45,33,39,15756.0,15756.0,29865.0,29865.0
2025-11,C042,S1,P2,EUR,499.39,482491.06,482491.06,33,38,15352.0,15352.0,29865.0,29865.0
2025-12,C042,S1,P2,EUR,416.58,402859.48,402859.48,27,32,12928.0,12928.0,24435.0,24435.0
2024-01,C043,S2,P1,EUR,390.01,393149.42,393149.42,31,26,10010.0,10010.0,27280.0,27280.0
2024-02,C043,S2,P1,EUR,426.09,427648.08,427648.08,34,28,10780.0,10780.0,29920.0,29920.0
2024-03,C043,S2,P1,EUR,427.63,427716.18,427716.18,34,28,10780.0,10780.0,29920.0,29920.0
2024-04,C043,S2,P1,EUR,406.77,406825.51,406825.51,32,27,10395.0,10395.0,28160.0,28160.0
2024-05,C043,S2,P1,EUR,445.34,445508.02,445508.02,35,29,11165.0,11165.0,30800.0,30800.0
2024-06,C043,S2,P1,EUR,413.28,415762.87,415762.87,33,27,10395.0,10395.0,29040.0,29040.0
2024-07,C043,S2,P1,EUR,348.05,349174.07,349174.07,27,23,8855.0,8855.0,23760.0,23760.0
2024-08,C043,S2,P1,EUR,407.31,405502.41,405502.41,32,27,10395.0,10395.0,28160.0,28160.0
2024-09,C043,S2,P1,EUR,415.07,417571.34,417571.34,33,27,10395.0,10395.0,29040.0,29040.0
2024-10,C043,S2,P1,EUR,442.94,447318.38,447318.38,35,29,11165.0,11165.0,30800.0,30800.0
2024-11,C043,S2,P1,EUR,451.66,453060.09,453060.09,36,30,11550.0,11550.0,31680.0,31680.0
2024-12,C043,S2,P1,EUR,394.21,396982.92,396982.92,31,26,10010.0,10010.0,27280.0,27280.0
2025-01,C043,S2,P1,EUR,382.53,390843.41,390843.41,30,25,10100.0,10100.0,27150.0,27150.0
2025-02,C043,S2,P1,EUR,454.93,462509.18,462509.18,36,30,12120.0,12120.0,32580.0,32580.0
2025-03,C043,S2,P1,EUR,413.74,420588.22,420588.22,33,27,10908.0,10908.0,29865.0,29865.0
2025-04,C043,S2,P1,EUR,457.85,468029.8,468029.8,36,30,12120.0,12120.0,32580.0,32580.0
2025-05,C043,S2,P1,EUR,400.86,406863.02,406863.02,32,26,10504.0,10504.0,28960.0,28960.0
2025-06,C043,S2,P1,EUR,374.81,381969.28,381969.28,30,25,10100.0,10100.0,27150.0,27150.0
2025-07,C043,S2,P1,EUR,393.59,401567.73,401567.73,31,26,10504.0,10504.0,28055.0,28055.0
2025-08,C043,S2,P1,EUR,389.34,395622.21,395622.21,31,26,10504.0,10504.0,28055.0,28055.0
2025-09,C043,S2,P1,EUR,466.49,474183.82,474183.82,37,31,12524.0,12524.0,33485.0,33485.0
2025-10,C043,S2,P1,EUR,425.85,433343.64,433343.64,34,28,11312.0,11312.0,30770.0,30770.0
2025-11,C043,S2,P1,EUR,452.73,464793.24,464793.24,36,30,12120.0,12120.0,32580.0,32580.0
2025-12,C043,S2,P1,EUR,400.87,406042.46,406042.46,32,26,10504.0,10504.0,28960.0,28960.0
2024-01,C044,S3,P2,EUR,539.44,486405.62,486405.62,36,36,13860.0,13860.0,31680.0,31680.0
2024-02,C044,S3,P2,EUR,533.6,481235.05,481235.05,36,35,13475.0,13475.0,31680.0,31680.0
2024-03,C044,S3,P2,EUR,564.42,514373.57,514373.57,38,37,14245.0,14245.0,33440.0,33440.0
2024-04,C044,S3,P2,EUR,556.7,508876.02,508876.02,38,37,14245.0,14245.0,33440.0,33440.0
2024-05,C044,S3,P2,EUR,570.83,519797.56,519797.56,39,38,14630.0,14630.0,34320.0,34320.0
2024-06,C044,S3,P2,EUR,579.92,525696.76,525696.76,39,38,14630.0,14630.0,34320.0,34320.0
2024-07,C044,S3,P2,EUR,477.45,431437.75,431437.75,32,32,12320.0,12320.0,28160.0,28160.0
2024-08,C044,S3,P2,EUR,584.48,529576.84,529576.84,40,39,15015.0,15015.0,35200.0,35200.0
2024-09,C044,S3,P2,EUR,567.95,511753.52,511753.52,38,38,14630.0,14630.0,33440.0,33440.0
2024-10,C044,S3,P2,EUR,620.37,563858.34,563858.34,42,41,15785.0,15785.0,36960.0,36960.0
2024-11,C044,S3,P2,EUR,497.34,449711.54,449711.54,34,33,12705.0,12705.0,29920.0,29920.0
2024-12,C044,S3,P2,EUR,573.21,516851.1,516851.1,39,38,14630.0,14630.0,34320.0,34320.0
2025-01,C044,S3,P2,EUR,547.73,507764.79,507764.79,37,36,14544.0,14544.0,33485.0,33485.0
2025-02,C044,S3,P2,EUR,586.95,540527.11,540527.11,40,39,15756.0,15756.0,36200.0,36200.0
2025-03,C044,S3,P2,EUR,603.58,556731.05,556731.05,41,40,16160.0,16160.0,37105.0,37105.0
2025-04,C044,S3,P2,EUR,605.8,558649.4,558649.4,41,40,16160.0,16160.0,37105.0,37105.0
2025-05,C044,S3,P2,EUR,577.41,530172.96,530172.96,39,38,15352.0,15352.0,35295.0,35295.0
2025-06,C044,S3,P2,EUR,602.35,549981.5,549981.5,41,40,16160.0,16160.0,37105.0,37105.0
2025-07,C044,S3,P2,EUR,572.91,526444.02,526444.02,39,38,15352.0,15352.0,35295.0,35295.0
2025-08,C044,S3,P2,EUR,631.25,581628.58,581628.58,43,42,16968.0,16968.0,38915.0,38915.0
2025-09,C044,S3,P2,EUR,597.46,546999.22,546999.22,40,40,16160.0,16160.0,36200.0,36200.0
2025-10,C044,S3,P2,EUR,652.04,597035.24,597035.24,44,43,17372.0,17372.0,39820.0,39820.0
2025-11,C044,S3,P2,EUR,685.74,636516.2,636516.2,46,45,18180.0,18180.0,41630.0,41630.0
2025-12,C044,S3,P2,EUR,630.25,581551.35,581551.35,43,42,16968.0,16968.0,38915.0,38915.0
2024-01,C045,S1,P4,SEK,493.53,5685387.56,496302.0,50,35,154000.0,13443.32,502500.0,43865.39
2024-02,C045,S1,P4,SEK,490.6,5633252.94,492494.71,50,35,154000.0,13463.66,502500.0,43931.74
2024-03,C045,S1,P4,SEK,533.71,6151975.63,539074.81,54,38,167200.0,14651.12,542700.0,47554.79
2024-04,C045,S1,P4,SEK,551.5,6382069.83,556249.22,56,39,171600.0,14956.33,562800.0,49052.59
2024-05,C045,S1,P4,SEK,517.35,5934519.03,519219.14,52,37,162800.0,14243.59,522600.0,45722.98
2024-06,C045,S1,P4,SEK,519.3,5943438.22,520746.69,53,37,162800.0,14264.06,532650.0,46669.24
2024-07,C045,S1,P4,SEK,401.64,4640600.72,409332.34,41,28,123200.0,10867.07,412050.0,36345.59
2024-08,C045,S1,P4,SEK,466.56,5382604.79,470014.39,47,33,145200.0,12679.01,472350.0,41246.07
2024-09,C045,S1,P4,SEK,478.27,5532560.95,485610.55,48,34,149600.0,13130.87,482400.0,42341.79
2024-10,C045,S1,P4,SEK,501.74,5778231.88,506529.2,51,35,154000.0,13499.89,512550.0,44930.97
2024-11,C045,S1,P4,SEK,603.86,6979510.36,608315.72,61,43,189200.0,16490.17,613050.0,53431.82
2024-12,C045,S1,P4,SEK,516.46,5995515.89,524909.46,52,36,158400.0,13867.97,522600.0,45753.81
2025-01,C045,S1,P4,SEK,516.28,5772135.25,484939.28,52,36,166320.0,13973.18,538200.0,45216.25
2025-02,C045,S1,P4,SEK,560.41,6267812.71,528024.79,57,40,184800.0,15568.27,589950.0,49699.67
2025-03,C045,S1,P4,SEK,563.68,6281112.51,526687.11,57,40,184800.0,15495.95,589950.0,49468.79
2025-04,C045,S1,P4,SEK,589.34,6572943.73,555334.89,60,42,194040.0,16394.05,621000.0,52467.05
2025-05,C045,S1,P4,SEK,542.41,6013534.51,504753.69,55,38,175560.0,14735.85,569250.0,47780.72
2025-06,C045,S1,P4,SEK,605.33,6723546.3,567641.76,61,43,198660.0,16772.06,631350.0,53302.32
2025-07,C045,S1,P4,SEK,506.74,5669841.38,476401.21,51,36,166320.0,13974.83,527850.0,44351.92
2025-08,C045,S1,P4,SEK,573.99,6317306.49,537080.88,58,41,189420.0,16103.99,600300.0,51035.94
2025-09,C045,S1,P4,SEK,603.19,6743486.07,566013.6,61,43,198660.0,16674.5,631350.0,52992.28
2025-10,C045,S1,P4,SEK,634.2,7044450.87,593706.88,64,45,207900.0,17521.83,662400.0,55827.12
2025-11,C045,S1,P4,SEK,609.59,6761757.26,569761.39,62,43,198660.0,16739.55,641700.0,54071.13
2025-12,C045,S1,P4,SEK,567.57,6327760.18,533821.52,58,40,184800.0,15590.07,600300.0,50642.42
2024-01,C046,S1,P4,SEK,124.6,1509761.71,131793.61,33,34,149600.0,13059.23,331650.0,28951.16
2024-02,C046,S1,P4,SEK,131.13,1571330.2,137375.65,35,35,154000.0,13463.66,351750.0,30752.22
2024-03,C046,S1,P4,SEK,133.78,1619013.52,141868.15,35,36,158400.0,13880.0,351750.0,30822.55
2024-04,C046,S1,P4,SEK,123.25,1498538.61,130609.81,32,33,145200.0,12655.36,321600.0,28030.05
2024-05,C046,S1,P4,SEK,144.89,1770997.31,154946.96,38,39,171600.0,15013.52,381900.0,33412.95
2024-06,C046,S1,P4,SEK,151.14,1822233.92,159658.81,40,41,180400.0,15806.12,402000.0,35222.07
2024-07,C046,S1,P4,SEK,106.83,1293205.76,114069.49,28,29,127600.0,11255.18,281400.0,24821.38
2024-08,C046,S1,P4,SEK,118.79,1447719.69,126416.32,31,32,140800.0,12294.8,311550.0,27204.86
2024-09,C046,S1,P4,SEK,140.95,1712074.78,150274.27,37,38,167200.0,14675.68,371850.0,32638.46
2024-10,C046,S1,P4,SEK,155.57,1890681.94,165740.25,41,42,184800.0,16199.87,412050.0,36120.97
2024-11,C046,S1,P4,SEK,137.07,1653553.68,144119.38,36,37,162800.0,14189.22,361800.0,31533.53
2024-12,C046,S1,P4,SEK,134.06,1622509.43,142051.25,35,36,158400.0,13867.97,351750.0,30795.83
2025-01,C046,S1,P4,SEK,136.68,1688303.33,141840.86,36,37,170940.0,14361.33,372600.0,31303.56
2025-02,C046,S1,P4,SEK,152.92,1899260.9,160001.09,40,41,189420.0,15957.47,414000.0,34876.96
2025-03,C046,S1,P4,SEK,146.12,1814335.93,152136.64,38,39,180180.0,15108.55,393300.0,32979.2
2025-04,C046,S1,P4,SEK,159.21,1978067.97,167123.01,42,43,198660.0,16784.39,434700.0,36726.93
2025-05,C046,S1,P4,SEK,145.33,1804784.39,151486.88,38,39,180180.0,15123.64,393300.0,33012.14
2025-06,C046,S1,P4,SEK,140.68,1739792.01,146883.59,37,38,175560.0,14821.82,382950.0,32330.92
2025-07,C046,S1,P4,SEK,121.54,1514591.98,127261.67,32,33,152460.0,12810.26,331200.0,27828.66
2025-08,C046,S1,P4,SEK,154.03,1912338.95,162582.06,41,42,194040.0,16496.77,424350.0,36077.13
2025-09,C046,S1,P4,SEK,167.87,2080741.98,174646.8,44,45,207900.0,17450.06,455400.0,38223.94
2025-10,C046,S1,P4,SEK,156.68,1935388.0,163114.65,41,42,194040.0,16353.71,424350.0,35764.25
2025-11,C046,S1,P4,SEK,167.74,2093446.68,176398.69,44,45,207900.0,17518.14,455400.0,38373.06
2025-12,C046,S1,P4,SEK,148.31,1847631.32,155869.59,39,40,184800.0,15590.07,403650.0,34052.66
2024-01,C047,S3,P2,EUR,164.14,161066.34,161066.34,41,36,13860.0,13860.0,36080.0,36080.0
2024-02,C047,S3,P2,EUR,155.19,150501.29,150501.29,39,34,13090.0,13090.0,34320.0,34320.0
2024-03,C047,S3,P2,EUR,166.4,163302.12,163302.12,42,36,13860.0,13860.0,36960.0,36960.0
2024-04,C047,S3,P2,EUR,167.69,165468.56,165468.56,42,36,13860.0,13860.0,36960.0,36960.0
2024-05,C047,S3,P2,EUR,157.94,154612.33,154612.33,40,34,13090.0,13090.0,35200.0,35200.0
2024-06,C047,S3,P2,EUR,171.54,167946.81,167946.81,43,37,14245.0,14245.0,37840.0,37840.0
2024-07,C047,S3,P2,EUR,158.52,155494.39,155494.39,40,34,13090.0,13090.0,35200.0,35200.0
2024-08,C047,S3,P2,EUR,140.66,137551.86,137551.86,35,31,11935.0,11935.0,30800.0,30800.0
2024-09,C047,S3,P2,EUR,189.36,185526.17,185526.17,48,41,15785.0,15785.0,42240.0,42240.0
2024-10,C047,S3,P2,EUR,170.72,167903.38,167903.38,43,37,14245.0,14245.0,37840.0,37840.0
2024-11,C047,S3,P2,EUR,193.27,188535.44,188535.44,49,42,16170.0,16170.0,43120.0,43120.0
2024-12,C047,S3,P2,EUR,186.62,182911.08,182911.08,47,41,15785.0,15785.0,41360.0,41360.0
2025-01,C047,S3,P2,EUR,181.95,181732.48,181732.48,46,40,16160.0,16160.0,41630.0,41630.0
2025-02,C047,S3,P2,EUR,178.68,178566.43,178566.43,45,39,15756.0,15756.0,40725.0,40725.0
2025-03,C047,S3,P2,EUR,208.09,208040.33,208040.33,52,45,18180.0,18180.0,47060.0,47060.0
2025-04,C047,S3,P2,EUR,181.47,181123.13,181123.13,46,39,15756.0,15756.0,41630.0,41630.0
2025-05,C047,S3,P2,EUR,206.63,207732.7,207732.7,52,45,18180.0,18180.0,47060.0,47060.0
2025-06,C047,S3,P2,EUR,187.76,188332.47,188332.47,47,41,16564.0,16564.0,42535.0,42535.0
2025-07,C047,S3,P2,EUR,169.71,169766.69,169766.69,43,37,14948.0,14948.0,38915.0,38915.0
2025-08,C047,S3,P2,EUR,178.32,178176.8,178176.8,45,39,15756.0,15756.0,40725.0,40725.0
2025-09,C047,S3,P2,EUR,217.04,219194.17,219194.17,55,47,18988.0,18988.0,49775.0,49775.0
2025-10,C047,S3,P2,EUR,187.69,187194.45,187194.45,47,41,16564.0,16564.0,42535.0,42535.0
2025-11,C047,S3,P2,EUR,200.55,200329.66,200329.66,50,44,17776.0,17776.0,45250.0,45250.0
2025-12,C047,S3,P2,EUR,192.96,193219.37,193219.37,49,42,16968.0,16968.0,44345.0,44345.0
2024-01,C048,S1,P3,SEK,71.44,875315.5,76410.06,20,23,101200.0,8834.18,201000.0,17546.16
2024-02,C048,S1,P3,SEK,67.93,832216.06,72757.61,19,22,96800.0,8462.87,190950.0,16694.06
2024-03,C048,S1,P3,SEK,78.54,965404.12,84594.78,22,26,114400.0,10024.45,221100.0,19374.17
2024-04,C048,S1,P3,SEK,75.02,927375.82,80828.33,21,24,105600.0,9203.9,211050.0,18394.72
2024-05,C048,S1,P3,SEK,69.28,855581.28,74855.97,19,23,101200.0,8854.13,190950.0,16706.48
2024-06,C048,S1,P3,SEK,71.19,875617.7,76719.06,20,23,101200.0,8866.85,201000.0,17611.03
2024-07,C048,S1,P3,SEK,63.52,780810.84,68872.79,18,21,92400.0,8150.3,180900.0,15956.6
2024-08,C048,S1,P3,SEK,68.13,837712.89,73149.92,19,22,96800.0,8452.67,190950.0,16673.94
2024-09,C048,S1,P3,SEK,74.66,915977.38,80398.26,21,24,105600.0,9268.85,211050.0,18524.53
2024-10,C048,S1,P3,SEK,76.25,935613.22,82017.38,21,25,110000.0,9642.78,211050.0,18500.99
2024-11,C048,S1,P3,SEK,86.06,1070515.07,93303.27,24,28,123200.0,10737.79,241200.0,21022.36
2024-12,C048,S1,P3,SEK,67.81,833586.8,72980.81,19,22,96800.0,8474.87,190950.0,16717.74
2025-01,C048,S1,P3,SEK,80.56,1012614.21,85073.61,22,26,120120.0,10091.74,227700.0,19129.95
2025-02,C048,S1,P3,SEK,75.36,940910.05,79265.9,21,25,115500.0,9730.17,217350.0,18310.4
2025-03,C048,S1,P3,SEK,77.54,972444.09,81541.89,21,25,115500.0,9684.97,217350.0,18225.35
2025-04,C048,S1,P3,SEK,79.35,1002343.62,84686.01,22,26,120120.0,10148.7,227700.0,19237.92
2025-05,C048,S1,P3,SEK,81.12,1021756.8,85762.46,22,26,120120.0,10082.43,227700.0,19112.29
2025-06,C048,S1,P3,SEK,80.53,1015521.07,85736.33,22,26,120120.0,10141.24,227700.0,19223.79
2025-07,C048,S1,P3,SEK,68.08,851132.4,71515.32,19,22,101640.0,8540.17,196650.0,16523.27
2025-08,C048,S1,P3,SEK,78.36,984278.04,83680.75,22,25,115500.0,9819.51,227700.0,19358.46
2025-09,C048,S1,P3,SEK,85.01,1070311.32,89836.44,24,28,129360.0,10857.81,248400.0,20849.42
2025-10,C048,S1,P3,SEK,76.48,966040.4,81417.96,21,25,115500.0,9734.35,217350.0,18318.28
2025-11,C048,S1,P3,SEK,73.01,915189.73,77116.02,20,24,110880.0,9343.01,207000.0,17442.3
2025-12,C048,S1,P3,SEK,74.3,938803.72,79199.21,21,24,110880.0,9354.04,217350.0,18336.05
2024-01,C049,S1,P4,SEK,157.79,1842851.22,160870.43,54,40,176000.0,15363.8,542700.0,47374.62
2024-02,C049,S1,P4,SEK,157.16,1838467.5,160730.49,54,40,176000.0,15387.04,542700.0,47446.28
2024-03,C049,S1,P4,SEK,156.57,1834186.89,160722.99,54,39,171600.0,15036.67,542700.0,47554.79
2024-04,C049,S1,P4,SEK,164.21,1916768.95,167061.98,57,41,180400.0,15723.33,572850.0,49928.53
2024-05,C049,S1,P4,SEK,175.0,2041627.67,178624.78,60,44,193600.0,16938.33,603000.0,52757.29
2024-06,C049,S1,P4,SEK,166.15,1944165.23,170342.08,57,42,184800.0,16191.64,572850.0,50191.44
2024-07,C049,S1,P4,SEK,130.74,1529858.3,134943.84,45,33,145200.0,12807.62,452250.0,39891.51
2024-08,C049,S1,P4,SEK,150.65,1764658.25,154091.71,52,38,167200.0,14600.07,522600.0,45633.95
2024-09,C049,S1,P4,SEK,192.48,2246826.81,197211.17,66,48,211200.0,18537.7,663300.0,58219.96
2024-10,C049,S1,P4,SEK,170.82,2002798.94,175568.61,59,43,189200.0,16585.58,592950.0,51978.96
2024-11,C049,S1,P4,SEK,174.77,2050760.41,178738.87,60,44,193600.0,16873.67,603000.0,52555.89
2024-12,C049,S1,P4,SEK,174.74,2028203.71,177569.93,60,44,193600.0,16949.75,603000.0,52792.86
2025-01,C049,S1,P4,SEK,165.82,1985138.6,166779.13,57,42,194040.0,16302.05,589950.0,49563.97
2025-02,C049,S1,P4,SEK,169.77,2023505.98,170467.97,59,43,198660.0,16735.89,610650.0,51443.52
2025-03,C049,S1,P4,SEK,182.83,2191514.95,183764.05,63,46,212520.0,17820.34,652050.0,54676.04
2025-04,C049,S1,P4,SEK,177.84,2124476.55,179492.78,61,45,207900.0,17565.06,631350.0,53341.5
2025-05,C049,S1,P4,SEK,182.19,2175085.19,182568.55,63,46,212520.0,17838.14,652050.0,54730.65
2025-06,C049,S1,P4,SEK,169.53,2022729.13,170770.82,58,43,198660.0,16772.06,600300.0,50680.9
2025-07,C049,S1,P4,SEK,152.17,1817415.9,152706.06,52,38,175560.0,14751.21,538200.0,45221.57
2025-08,C049,S1,P4,SEK,162.71,1944985.61,165357.59,56,41,189420.0,16103.99,579600.0,49276.08
2025-09,C049,S1,P4,SEK,195.53,2356842.65,197821.27,67,49,226380.0,19001.18,693450.0,58204.63
2025-10,C049,S1,P4,SEK,191.99,2300222.01,193862.89,66,48,221760.0,18689.95,683100.0,57571.72
2025-11,C049,S1,P4,SEK,203.49,2450279.78,206466.27,70,51,235620.0,19853.89,724500.0,61048.05
2025-12,C049,S1,P4,SEK,167.73,2001327.31,168835.66,58,42,194040.0,16369.57,600300.0,50642.42
2024-01,C050,S1,P1,EUR,123.22,138559.24,138559.24,20,26,10010.0,10010.0,17600.0,17600.0
2024-02,C050,S1,P1,EUR,116.23,130448.35,130448.35,19,25,9625.0,9625.0,16720.0,16720.0
2024-03,C050,S1,P1,EUR,135.6,152628.99,152628.99,22,29,11165.0,11165.0,19360.0,19360.0
2024-04,C050,S1,P1,EUR,108.9,121690.61,121690.61,18,23,8855.0,8855.0,15840.0,15840.0
2024-05,C050,S1,P1,EUR,119.57,134469.16,134469.16,20,25,9625.0,9625.0,17600.0,17600.0
2024-06,C050,S1,P1,EUR,99.23,112235.62,112235.62,16,21,8085.0,8085.0,14080.0,14080.0
2024-07,C050,S1,P1,EUR,95.95,108187.7,108187.7,16,20,7700.0,7700.0,14080.0,14080.0
2024-08,C050,S1,P1,EUR,122.48,138331.72,138331.72,20,26,10010.0,10010.0,17600.0,17600.0
2024-09,C050,S1,P1,EUR,119.31,133361.22,133361.22,20,25,9625.0,9625.0,17600.0,17600.0
2024-10,C050,S1,P1,EUR,134.8,151906.63,151906.63,22,29,11165.0,11165.0,19360.0,19360.0
2024-11,C050,S1,P1,EUR,134.25,150795.11,150795.11,22,28,10780.0,10780.0,19360.0,19360.0
2024-12,C050,S1,P1,EUR,113.93,128389.03,128389.03,19,24,9240.0,9240.0,16720.0,16720.0
2025-01,C050,S1,P1,EUR,128.14,147119.1,147119.1,21,27,10908.0,10908.0,19005.0,19005.0
2025-02,C050,S1,P1,EUR,111.45,128163.01,128163.01,18,24,9696.0,9696.0,16290.0,16290.0
2025-03,C050,S1,P1,EUR,149.27,170221.52,170221.52,24,32,12928.0,12928.0,21720.0,21720.0
2025-04,C050,S1,P1,EUR,130.33,149618.39,149618.39,21,28,11312.0,11312.0,19005.0,19005.0
2025-05,C050,S1,P1,EUR,139.05,159580.91,159580.91,23,29,11716.0,11716.0,20815.0,20815.0
2025-06,C050,S1,P1,EUR,135.77,155073.94,155073.94,22,29,11716.0,11716.0,19910.0,19910.0
2025-07,C050,S1,P1,EUR,113.02,129579.93,129579.93,19,24,9696.0,9696.0,17195.0,17195.0
2025-08,C050,S1,P1,EUR,113.39,130424.83,130424.83,19,24,9696.0,9696.0,17195.0,17195.0
2025-09,C050,S1,P1,EUR,134.44,154537.38,154537.38,22,29,11716.0,11716.0,19910.0,19910.0
2025-10,C050,S1,P1,EUR,125.04,143045.24,143045.24,20,27,10908.0,10908.0,18100.0,18100.0
2025-11,C050,S1,P1,EUR,151.49,174071.5,174071.5,25,32,12928.0,12928.0,22625.0,22625.0
2025-12,C050,S1,P1,EUR,133.03,152536.67,152536.67,22,28,11312.0,11312.0,19910.0,19910.0
2024-01,C051,S2,P3,SEK,85.58,1036247.78,90458.54,15,22,96800.0,8450.09,150750.0,13159.62
2024-02,C051,S2,P3,SEK,76.8,929787.97,81287.96,14,20,88000.0,7693.52,140700.0,12300.89
2024-03,C051,S2,P3,SEK,95.64,1161529.17,101780.49,17,25,110000.0,9638.89,170850.0,14970.95
2024-04,C051,S2,P3,SEK,89.85,1083484.62,94434.49,16,23,101200.0,8820.4,160800.0,14015.03
2024-05,C051,S2,P3,SEK,90.55,1090671.02,95424.29,16,23,101200.0,8854.13,160800.0,14068.61
2024-06,C051,S2,P3,SEK,86.73,1051041.7,92089.2,15,22,96800.0,8481.33,150750.0,13208.27
2024-07,C051,S2,P3,SEK,71.79,870888.92,76818.29,13,19,83600.0,7374.08,130650.0,11524.21
2024-08,C051,S2,P3,SEK,75.73,921241.99,80443.76,13,20,88000.0,7684.25,130650.0,11408.49
2024-09,C051,S2,P3,SEK,99.93,1207203.46,105960.1,18,26,114400.0,10041.25,180900.0,15878.17
2024-10,C051,S2,P3,SEK,89.21,1073914.03,94141.05,16,23,101200.0,8871.36,160800.0,14095.99
2024-11,C051,S2,P3,SEK,99.84,1210510.63,105504.91,18,26,114400.0,9970.8,180900.0,15766.77
2024-12,C051,S2,P3,SEK,90.66,1106227.8,96850.62,16,23,101200.0,8860.09,160800.0,14078.09
2025-01,C051,S2,P3,SEK,89.95,1112109.7,93432.61,16,23,106260.0,8927.31,165600.0,13912.69
2025-02,C051,S2,P3,SEK,97.48,1211501.19,102061.55,17,25,115500.0,9730.17,175950.0,14822.71
2025-03,C051,S2,P3,SEK,87.65,1097291.58,92010.66,15,23,106260.0,8910.17,155250.0,13018.1
2025-04,C051,S2,P3,SEK,88.07,1098308.75,92793.91,16,23,106260.0,8977.7,165600.0,13991.21
2025-05,C051,S2,P3,SEK,90.28,1114762.63,93569.02,16,23,106260.0,8919.07,165600.0,13899.85
2025-06,C051,S2,P3,SEK,89.69,1118850.92,94460.05,16,23,106260.0,8971.1,165600.0,13980.94
2025-07,C051,S2,P3,SEK,73.25,910023.47,76463.56,13,19,87780.0,7375.6,134550.0,11305.39
2025-08,C051,S2,P3,SEK,87.3,1084028.3,92161.25,15,23,106260.0,9033.95,155250.0,13198.95
2025-09,C051,S2,P3,SEK,94.92,1183878.43,99368.68,17,24,110880.0,9306.7,175950.0,14768.34
2025-10,C051,S2,P3,SEK,103.24,1273885.27,107363.15,18,27,124740.0,10513.1,186300.0,15701.38
2025-11,C051,S2,P3,SEK,96.01,1189816.88,100256.74,17,25,115500.0,9732.3,175950.0,14825.96
2025-12,C051,S2,P3,SEK,94.18,1164502.95,98239.62,17,24,110880.0,9354.04,175950.0,14843.47
2024-01,C052,S1,P1,EUR,86.67,93934.92,93934.92,15,23,8855.0,8855.0,13200.0,13200.0
2024-02,C052,S1,P1,EUR,79.06,85970.21,85970.21,14,21,8085.0,8085.0,12320.0,12320.0
2024-03,C052,S1,P1,EUR,100.75,109079.81,109079.81,18,26,10010.0,10010.0,15840.0,15840.0
2024-04,C052,S1,P1,EUR,93.83,102327.76,102327.76,17,25,9625.0,9625.0,14960.0,14960.0
2024-05,C052,S1,P1,EUR,97.34,106031.92,106031.92,17,25,9625.0,9625.0,14960.0,14960.0
2024-06,C052,S1,P1,EUR,86.71,94594.61,94594.61,15,23,8855.0,8855.0,13200.0,13200.0
2024-07,C052,S1,P1,EUR,79.78,86838.41,86838.41,14,21,8085.0,8085.0,12320.0,12320.0
2024-08,C052,S1,P1,EUR,85.17,93057.13,93057.13,15,22,8470.0,8470.0,13200.0,13200.0
2024-09,C052,S1,P1,EUR,96.17,105309.4,105309.4,17,25,9625.0,9625.0,14960.0,14960.0
2024-10,C052,S1,P1,EUR,95.04,104309.3,104309.3,17,25,9625.0,9625.0,14960.0,14960.0
2024-11,C052,S1,P1,EUR,98.59,107102.44,107102.44,17,26,10010.0,10010.0,14960.0,14960.0
2024-12,C052,S1,P1,EUR,100.28,108780.38,108780.38,18,26,10010.0,10010.0,15840.0,15840.0
2025-01,C052,S1,P1,EUR,89.66,99859.85,99859.85,16,23,9292.0,9292.0,14480.0,14480.0
2025-02,C052,S1,P1,EUR,86.88,96163.78,96163.78,15,23,9292.0,9292.0,13575.0,13575.0
2025-03,C052,S1,P1,EUR,106.9,118109.97,118109.97,19,28,11312.0,11312.0,17195.0,17195.0
2025-04,C052,S1,P1,EUR,95.1,105096.7,105096.7,17,25,10100.0,10100.0,15385.0,15385.0
2025-05,C052,S1,P1,EUR,105.52,116708.94,116708.94,19,28,11312.0,11312.0,17195.0,17195.0
2025-06,C052,S1,P1,EUR,97.63,107995.53,107995.53,17,25,10100.0,10100.0,15385.0,15385.0
2025-07,C052,S1,P1,EUR,79.69,88006.48,88006.48,14,21,8484.0,8484.0,12670.0,12670.0
2025-08,C052,S1,P1,EUR,91.08,101289.62,101289.62,16,24,9696.0,9696.0,14480.0,14480.0
2025-09,C052,S1,P1,EUR,93.75,104618.65,104618.65,17,24,9696.0,9696.0,15385.0,15385.0
2025-10,C052,S1,P1,EUR,99.77,111419.55,111419.55,18,26,10504.0,10504.0,16290.0,16290.0
2025-11,C052,S1,P1,EUR,101.08,112235.36,112235.36,18,26,10504.0,10504.0,16290.0,16290.0
2025-12,C052,S1,P1,EUR,95.57,106151.82,106151.82,17,25,10100.0,10100.0,15385.0,15385.0
2024-01,C053,S2,P3,SEK,115.29,1409628.01,123052.51,40,31,136400.0,11906.94,402000.0,35092.31
2024-02,C053,S2,P3,SEK,126.53,1543322.24,134927.02,44,34,149600.0,13078.98,442200.0,38659.93
2024-03,C053,S2,P3,SEK,130.51,1597872.44,140015.64,45,35,154000.0,13494.45,452250.0,39628.99
2024-04,C053,S2,P3,SEK,132.56,1620673.46,141254.86,46,35,154000.0,13422.35,462300.0,40293.2
2024-05,C053,S2,P3,SEK,124.98,1514311.4,132489.16,44,33,145200.0,12703.75,442200.0,38688.68
2024-06,C053,S2,P3,SEK,130.19,1590680.75,139370.8,45,35,154000.0,13493.03,452250.0,39624.82
2024-07,C053,S2,P3,SEK,125.63,1534121.42,135319.87,44,34,149600.0,13195.73,442200.0,39005.03
2024-08,C053,S2,P3,SEK,106.57,1304821.75,113938.33,37,28,123200.0,10757.95,371850.0,32470.31
2024-09,C053,S2,P3,SEK,123.37,1519044.85,133331.42,43,33,145200.0,12744.67,432150.0,37931.19
2024-10,C053,S2,P3,SEK,133.08,1619212.21,141942.78,46,36,158400.0,13885.6,462300.0,40525.97
2024-11,C053,S2,P3,SEK,134.08,1638447.33,142802.75,47,36,158400.0,13805.73,472350.0,41168.78
2024-12,C053,S2,P3,SEK,124.87,1529798.34,133934.37,43,33,145200.0,12712.31,432150.0,37834.88
2025-01,C053,S2,P3,SEK,117.16,1473364.98,123783.06,41,31,143220.0,12032.46,424350.0,35651.28
2025-02,C053,S2,P3,SEK,112.05,1393784.63,117417.81,39,30,138600.0,11676.2,403650.0,34005.04
2025-03,C053,S2,P3,SEK,114.48,1430434.48,119945.54,40,31,143220.0,12009.36,414000.0,34714.94
2025-04,C053,S2,P3,SEK,106.7,1339072.68,113135.58,37,28,129360.0,10929.37,382950.0,32354.68
2025-05,C053,S2,P3,SEK,107.7,1349916.95,113307.0,38,29,133980.0,11245.78,393300.0,33012.14
2025-06,C053,S2,P3,SEK,101.72,1268644.66,107106.53,35,27,124740.0,10531.29,362250.0,30583.3
2025-07,C053,S2,P3,SEK,107.13,1340925.37,112669.55,37,29,133980.0,11257.5,382950.0,32176.89
2025-08,C053,S2,P3,SEK,92.65,1152480.91,97980.91,32,25,115500.0,9819.51,331200.0,28157.76
2025-09,C053,S2,P3,SEK,132.87,1673021.08,140424.8,46,35,161700.0,13572.27,476100.0,39961.39
2025-10,C053,S2,P3,SEK,114.49,1428057.27,120356.78,40,31,143220.0,12070.59,414000.0,34891.95
2025-11,C053,S2,P3,SEK,119.43,1490333.32,125578.95,42,32,147840.0,12457.34,434700.0,36628.83
2025-12,C053,S2,P3,SEK,114.75,1438052.77,121316.78,40,31,143220.0,12082.3,414000.0,34925.8
2024-01,C054,S1,P2,EUR,80.38,87316.48,87316.48,32,20,7700.0,7700.0,28160.0,28160.0
2024-02,C054,S1,P2,EUR,73.23,79015.99,79015.99,29,18,6930.0,6930.0,25520.0,25520.0
2024-03,C054,S1,P2,EUR,80.0,87001.62,87001.62,32,20,7700.0,7700.0,28160.0,28160.0
2024-04,C054,S1,P2,EUR,82.86,89960.13,89960.13,33,21,8085.0,8085.0,29040.0,29040.0
2024-05,C054,S1,P2,EUR,89.62,97708.3,97708.3,36,22,8470.0,8470.0,31680.0,31680.0
2024-06,C054,S1,P2,EUR,80.82,87686.41,87686.41,32,20,7700.0,7700.0,28160.0,28160.0
2024-07,C054,S1,P2,EUR,64.99,70670.97,70670.97,26,16,6160.0,6160.0,22880.0,22880.0
2024-08,C054,S1,P2,EUR,69.99,75985.81,75985.81,28,18,6930.0,6930.0,24640.0,24640.0
2024-09,C054,S1,P2,EUR,75.11,81615.9,81615.9,30,19,7315.0,7315.0,26400.0,26400.0
2024-10,C054,S1,P2,EUR,83.91,91019.46,91019.46,33,21,8085.0,8085.0,29040.0,29040.0
2024-11,C054,S1,P2,EUR,91.36,99117.95,99117.95,36,23,8855.0,8855.0,31680.0,31680.0
2024-12,C054,S1,P2,EUR,74.07,80518.27,80518.27,30,19,7315.0,7315.0,26400.0,26400.0
2025-01,C054,S1,P2,EUR,66.04,73399.21,73399.21,26,17,6868.0,6868.0,23530.0,23530.0
2025-02,C054,S1,P2,EUR,79.13,88043.78,88043.78,32,20,8080.0,8080.0,28960.0,28960.0
2025-03,C054,S1,P2,EUR,85.38,94405.51,94405.51,34,21,8484.0,8484.0,30770.0,30770.0
2025-04,C054,S1,P2,EUR,82.49,91081.05,91081.05,33,21,8484.0,8484.0,29865.0,29865.0
2025-05,C054,S1,P2,EUR,85.86,95369.36,95369.36,34,22,8888.0,8888.0,30770.0,30770.0
2025-06,C054,S1,P2,EUR,76.79,85423.3,85423.3,31,19,7676.0,7676.0,28055.0,28055.0
2025-07,C054,S1,P2,EUR,71.76,80153.61,80153.61,29,18,7272.0,7272.0,26245.0,26245.0
2025-08,C054,S1,P2,EUR,76.87,85675.62,85675.62,31,19,7676.0,7676.0,28055.0,28055.0
2025-09,C054,S1,P2,EUR,84.84,93714.27,93714.27,34,21,8484.0,8484.0,30770.0,30770.0
2025-10,C054,S1,P2,EUR,89.31,99486.28,99486.28,36,22,8888.0,8888.0,32580.0,32580.0
2025-11,C054,S1,P2,EUR,86.97,96475.53,96475.53,35,22,8888.0,8888.0,31675.0,31675.0
2025-12,C054,S1,P2,EUR,84.16,93976.04,93976.04,34,21,8484.0,8484.0,30770.0,30770.0
2024-01,C055,S4,P4,SEK,83.44,1263382.22,110286.08,26,18,79200.0,6913.71,261300.0,22810.0
2024-02,C055,S4,P4,SEK,82.0,1240337.75,108438.19,25,17,74800.0,6539.49,251250.0,21965.87
2024-03,C055,S4,P4,SEK,82.45,1250933.11,109614.63,25,17,74800.0,6554.45,251250.0,22016.11
2024-04,C055,S4,P4,SEK,88.67,1339685.98,116764.51,27,19,83600.0,7286.42,271350.0,23650.36
2024-05,C055,S4,P4,SEK,95.23,1440889.32,126065.37,29,20,88000.0,7699.24,291450.0,25499.36
2024-06,C055,S4,P4,SEK,92.02,1399116.54,122586.5,28,19,83600.0,7324.79,281400.0,24655.45
2024-07,C055,S4,P4,SEK,81.78,1237622.6,109166.68,25,17,74800.0,6597.87,251250.0,22161.95
2024-08,C055,S4,P4,SEK,88.77,1350178.35,117898.91,27,19,83600.0,7300.03,271350.0,23694.55
2024-09,C055,S4,P4,SEK,93.85,1418790.33,124531.76,29,20,88000.0,7724.04,291450.0,25581.5
2024-10,C055,S4,P4,SEK,88.94,1351778.01,118499.06,27,19,83600.0,7328.51,271350.0,23786.98
2024-11,C055,S4,P4,SEK,103.36,1574119.14,137196.07,32,22,96800.0,8436.83,321600.0,28029.81
2024-12,C055,S4,P4,SEK,89.14,1349075.93,118112.06,28,19,83600.0,7319.21,281400.0,24636.67
2025-01,C055,S4,P4,SEK,87.51,1356589.57,113972.31,27,18,83160.0,6986.59,279450.0,23477.67
2025-02,C055,S4,P4,SEK,83.7,1298924.11,109426.39,26,18,83160.0,7005.72,269100.0,22670.03
2025-03,C055,S4,P4,SEK,104.0,1607037.06,134754.11,32,22,101640.0,8522.77,331200.0,27771.95
2025-04,C055,S4,P4,SEK,95.89,1493162.77,126154.34,30,20,92400.0,7806.69,310500.0,26233.52
2025-05,C055,S4,P4,SEK,83.92,1295346.14,108726.53,26,18,83160.0,6980.14,269100.0,22587.25
2025-06,C055,S4,P4,SEK,86.51,1339107.11,113055.38,27,18,83160.0,7020.86,279450.0,23592.83
2025-07,C055,S4,P4,SEK,71.65,1116504.56,93812.88,22,15,69300.0,5822.84,227700.0,19132.2
2025-08,C055,S4,P4,SEK,87.58,1357661.72,115424.85,27,18,83160.0,7070.05,279450.0,23758.11
2025-09,C055,S4,P4,SEK,104.62,1627946.48,136641.47,32,22,101640.0,8531.14,331200.0,27799.23
2025-10,C055,S4,P4,SEK,90.25,1404798.79,118396.55,28,19,87780.0,7398.11,289800.0,24424.37
2025-11,C055,S4,P4,SEK,90.19,1395608.58,117597.22,28,19,87780.0,7396.55,289800.0,24419.22
2025-12,C055,S4,P4,SEK,93.93,1456311.35,122857.11,29,20,92400.0,7795.03,300150.0,25321.21
2024-01,C056,S3,P2,EUR,62.9,61831.64,61831.64,16,14,5390.0,5390.0,14080.0,14080.0
2024-02,C056,S3,P2,EUR,62.26,60683.67,60683.67,16,14,5390.0,5390.0,14080.0,14080.0
2024-03,C056,S3,P2,EUR,66.25,64414.36,64414.36,17,14,5390.0,5390.0,14960.0,14960.0
2024-04,C056,S3,P2,EUR,68.47,66673.9,66673.9,18,15,5775.0,5775.0,15840.0,15840.0
2024-05,C056,S3,P2,EUR,63.44,62427.49,62427.49,16,14,5390.0,5390.0,14080.0,14080.0
2024-06,C056,S3,P2,EUR,60.62,58715.03,58715.03,16,13,5005.0,5005.0,14080.0,14080.0
2024-07,C056,S3,P2,EUR,54.55,52791.59,52791.59,14,12,4620.0,4620.0,12320.0,12320.0
2024-08,C056,S3,P2,EUR,65.06,63423.24,63423.24,17,14,5390.0,5390.0,14960.0,14960.0
2024-09,C056,S3,P2,EUR,66.48,65048.0,65048.0,17,14,5390.0,5390.0,14960.0,14960.0
2024-10,C056,S3,P2,EUR,71.59,69309.09,69309.09,18,16,6160.0,6160.0,15840.0,15840.0
2024-11,C056,S3,P2,EUR,76.29,74473.61,74473.61,20,17,6545.0,6545.0,17600.0,17600.0
2024-12,C056,S3,P2,EUR,66.01,64382.95,64382.95,17,14,5390.0,5390.0,14960.0,14960.0
2025-01,C056,S3,P2,EUR,70.75,70344.34,70344.34,18,15,6060.0,6060.0,16290.0,16290.0
2025-02,C056,S3,P2,EUR,68.48,68228.97,68228.97,18,15,6060.0,6060.0,16290.0,16290.0
2025-03,C056,S3,P2,EUR,76.72,76298.55,76298.55,20,17,6868.0,6868.0,18100.0,18100.0
2025-04,C056,S3,P2,EUR,73.05,72584.84,72584.84,19,16,6464.0,6464.0,17195.0,17195.0
2025-05,C056,S3,P2,EUR,69.59,69493.67,69493.67,18,15,6060.0,6060.0,16290.0,16290.0
2025-06,C056,S3,P2,EUR,78.07,77124.1,77124.1,20,17,6868.0,6868.0,18100.0,18100.0
2025-07,C056,S3,P2,EUR,55.08,54591.58,54591.58,14,12,4848.0,4848.0,12670.0,12670.0
2025-08,C056,S3,P2,EUR,62.67,62198.62,62198.62,16,14,5656.0,5656.0,14480.0,14480.0
2025-09,C056,S3,P2,EUR,80.78,80249.98,80249.98,21,18,7272.0,7272.0,19005.0,19005.0
2025-10,C056,S3,P2,EUR,80.28,79769.7,79769.7,21,17,6868.0,6868.0,19005.0,19005.0
2025-11,C056,S3,P2,EUR,74.17,73848.84,73848.84,19,16,6464.0,6464.0,17195.0,17195.0
2025-12,C056,S3,P2,EUR,75.96,75857.45,75857.45,20,17,6868.0,6868.0,18100.0,18100.0
2024-01,C057,S3,P2,EUR,83.9,80997.41,80997.41,20,20,7700.0,7700.0,17600.0,17600.0
2024-02,C057,S3,P2,EUR,90.35,88295.28,88295.28,22,22,8470.0,8470.0,19360.0,19360.0
2024-03,C057,S3,P2,EUR,103.54,99226.14,99226.14,25,25,9625.0,9625.0,22000.0,22000.0
2024-04,C057,S3,P2,EUR,98.3,95175.0,95175.0,24,24,9240.0,9240.0,21120.0,21120.0
2024-05,C057,S3,P2,EUR,95.16,91838.73,91838.73,23,23,8855.0,8855.0,20240.0,20240.0
2024-06,C057,S3,P2,EUR,96.48,93297.63,93297.63,24,23,8855.0,8855.0,21120.0,21120.0
2024-07,C057,S3,P2,EUR,80.11,76580.64,76580.64,20,19,7315.0,7315.0,17600.0,17600.0
2024-08,C057,S3,P2,EUR,91.89,88798.22,88798.22,22,22,8470.0,8470.0,19360.0,19360.0
2024-09,C057,S3,P2,EUR,105.53,101666.17,101666.17,26,26,10010.0,10010.0,22880.0,22880.0
2024-10,C057,S3,P2,EUR,102.99,99906.85,99906.85,25,25,9625.0,9625.0,22000.0,22000.0
2024-11,C057,S3,P2,EUR,108.92,105513.54,105513.54,27,26,10010.0,10010.0,23760.0,23760.0
2024-12,C057,S3,P2,EUR,110.6,105661.66,105661.66,27,27,10395.0,10395.0,23760.0,23760.0
2025-01,C057,S3,P2,EUR,106.33,105339.59,105339.59,26,26,10504.0,10504.0,23530.0,23530.0
2025-02,C057,S3,P2,EUR,106.17,104574.0,104574.0,26,26,10504.0,10504.0,23530.0,23530.0
2025-03,C057,S3,P2,EUR,110.69,108879.17,108879.17,27,27,10908.0,10908.0,24435.0,24435.0
2025-04,C057,S3,P2,EUR,108.34,107164.22,107164.22,26,26,10504.0,10504.0,23530.0,23530.0
2025-05,C057,S3,P2,EUR,117.5,116486.44,116486.44,29,29,11716.0,11716.0,26245.0,26245.0
2025-06,C057,S3,P2,EUR,110.08,108502.09,108502.09,27,27,10908.0,10908.0,24435.0,24435.0
2025-07,C057,S3,P2,EUR,96.81,95007.68,95007.68,24,24,9696.0,9696.0,21720.0,21720.0
2025-08,C057,S3,P2,EUR,101.09,99592.38,99592.38,25,25,10100.0,10100.0,22625.0,22625.0
2025-09,C057,S3,P2,EUR,109.11,107188.67,107188.67,27,26,10504.0,10504.0,24435.0,24435.0
2025-10,C057,S3,P2,EUR,113.75,112035.52,112035.52,28,28,11312.0,11312.0,25340.0,25340.0
2025-11,C057,S3,P2,EUR,117.92,116635.4,116635.4,29,29,11716.0,11716.0,26245.0,26245.0
2025-12,C057,S3,P2,EUR,108.13,106410.65,106410.65,26,26,10504.0,10504.0,23530.0,23530.0
2024-01,C058,S1,P5,EUR,76.74,80613.07,80613.07,14,15,5775.0,5775.0,12320.0,12320.0
2024-02,C058,S1,P5,EUR,67.12,71490.03,71490.03,12,13,5005.0,5005.0,10560.0,10560.0
2024-03,C058,S1,P5,EUR,69.73,74489.9,74489.9,12,14,5390.0,5390.0,10560.0,10560.0
2024-04,C058,S1,P5,EUR,70.15,74796.5,74796.5,12,14,5390.0,5390.0,10560.0,10560.0
2024-05,C058,S1,P5,EUR,67.01,70845.8,70845.8,12,13,5005.0,5005.0,10560.0,10560.0
2024-06,C058,S1,P5,EUR,70.03,74160.67,74160.67,12,14,5390.0,5390.0,10560.0,10560.0
2024-07,C058,S1,P5,EUR,56.52,60014.18,60014.18,10,11,4235.0,4235.0,8800.0,8800.0
2024-08,C058,S1,P5,EUR,67.2,71175.27,71175.27,12,13,5005.0,5005.0,10560.0,10560.0
2024-09,C058,S1,P5,EUR,76.23,80788.25,80788.25,13,15,5775.0,5775.0,11440.0,11440.0
2024-10,C058,S1,P5,EUR,70.92,74480.78,74480.78,13,14,5390.0,5390.0,11440.0,11440.0
2024-11,C058,S1,P5,EUR,71.18,75556.79,75556.79,13,14,5390.0,5390.0,11440.0,11440.0
2024-12,C058,S1,P5,EUR,72.06,76563.36,76563.36,13,14,5390.0,5390.0,11440.0,11440.0
2025-01,C058,S1,P5,EUR,68.96,74338.44,74338.44,12,14,5656.0,5656.0,10860.0,10860.0
2025-02,C058,S1,P5,EUR,71.41,76904.54,76904.54,13,14,5656.0,5656.0,11765.0,11765.0
2025-03,C058,S1,P5,EUR,77.28,83566.06,83566.06,14,15,6060.0,6060.0,12670.0,12670.0
2025-04,C058,S1,P5,EUR,75.23,82107.1,82107.1,13,15,6060.0,6060.0,11765.0,11765.0
2025-05,C058,S1,P5,EUR,72.77,78665.94,78665.94,13,14,5656.0,5656.0,11765.0,11765.0
2025-06,C058,S1,P5,EUR,88.64,95599.89,95599.89,16,18,7272.0,7272.0,14480.0,14480.0
2025-07,C058,S1,P5,EUR,60.97,65903.97,65903.97,11,12,4848.0,4848.0,9955.0,9955.0
2025-08,C058,S1,P5,EUR,75.83,81832.6,81832.6,13,15,6060.0,6060.0,11765.0,11765.0
2025-09,C058,S1,P5,EUR,78.45,85390.93,85390.93,14,16,6464.0,6464.0,12670.0,12670.0
2025-10,C058,S1,P5,EUR,86.66,93570.08,93570.08,15,17,6868.0,6868.0,13575.0,13575.0
2025-11,C058,S1,P5,EUR,79.11,85786.25,85786.25,14,16,6464.0,6464.0,12670.0,12670.0
2025-12,C058,S1,P5,EUR,78.19,84344.2,84344.2,14,16,6464.0,6464.0,12670.0,12670.0
2024-01,C059,S5,P1,EUR,198.53,243162.48,243162.48,45,53,20405.0,20405.0,39600.0,39600.0
2024-02,C059,S5,P1,EUR,190.39,232425.44,232425.44,43,51,19635.0,19635.0,37840.0,37840.0
2024-03,C059,S5,P1,EUR,219.19,267555.68,267555.68,49,59,22715.0,22715.0,43120.0,43120.0
2024-04,C059,S5,P1,EUR,200.18,245959.48,245959.48,45,54,20790.0,20790.0,39600.0,39600.0
2024-05,C059,S5,P1,EUR,210.39,257228.34,257228.34,47,56,21560.0,21560.0,41360.0,41360.0
2024-06,C059,S5,P1,EUR,206.88,251027.09,251027.09,47,56,21560.0,21560.0,41360.0,41360.0
2024-07,C059,S5,P1,EUR,171.0,208590.99,208590.99,38,46,17710.0,17710.0,33440.0,33440.0
2024-08,C059,S5,P1,EUR,195.2,239184.25,239184.25,44,52,20020.0,20020.0,38720.0,38720.0
2024-09,C059,S5,P1,EUR,201.01,246266.37,246266.37,45,54,20790.0,20790.0,39600.0,39600.0
2024-10,C059,S5,P1,EUR,203.58,249099.93,249099.93,46,55,21175.0,21175.0,40480.0,40480.0
2024-11,C059,S5,P1,EUR,205.74,252092.55,252092.55,46,55,21175.0,21175.0,40480.0,40480.0
2024-12,C059,S5,P1,EUR,189.24,230998.7,230998.7,43,51,19635.0,19635.0,37840.0,37840.0
2025-01,C059,S5,P1,EUR,180.8,225171.82,225171.82,41,49,19796.0,19796.0,37105.0,37105.0
2025-02,C059,S5,P1,EUR,196.04,245034.79,245034.79,44,53,21412.0,21412.0,39820.0,39820.0
2025-03,C059,S5,P1,EUR,204.81,256067.04,256067.04,46,55,22220.0,22220.0,41630.0,41630.0
2025-04,C059,S5,P1,EUR,160.52,202450.9,202450.9,36,43,17372.0,17372.0,32580.0,32580.0
2025-05,C059,S5,P1,EUR,177.92,223642.71,223642.71,40,48,19392.0,19392.0,36200.0,36200.0
2025-06,C059,S5,P1,EUR,203.45,255503.87,255503.87,46,55,22220.0,22220.0,41630.0,41630.0
2025-07,C059,S5,P1,EUR,160.9,201200.1,201200.1,36,43,17372.0,17372.0,32580.0,32580.0
2025-08,C059,S5,P1,EUR,182.18,225922.32,225922.32,41,49,19796.0,19796.0,37105.0,37105.0
2025-09,C059,S5,P1,EUR,201.18,251541.95,251541.95,45,54,21816.0,21816.0,40725.0,40725.0
2025-10,C059,S5,P1,EUR,200.36,249580.79,249580.79,45,54,21816.0,21816.0,40725.0,40725.0
2025-11,C059,S5,P1,EUR,211.77,265272.23,265272.23,48,57,23028.0,23028.0,43440.0,43440.0
2025-12,C059,S5,P1,EUR,196.92,247362.48,247362.48,44,53,21412.0,21412.0,39820.0,39820.0
2024-01,C060,S2,P2,EUR,113.93,118756.13,118756.13,21,28,10780.0,10780.0,18480.0,18480.0
2024-02,C060,S2,P2,EUR,138.54,144361.18,144361.18,26,34,13090.0,13090.0,22880.0,22880.0
2024-03,C060,S2,P2,EUR,138.8,145265.29,145265.29,26,34,13090.0,13090.0,22880.0,22880.0
2024-04,C060,S2,P2,EUR,123.05,128649.45,128649.45,23,30,11550.0,11550.0,20240.0,20240.0
2024-05,C060,S2,P2,EUR,125.48,130553.1,130553.1,24,31,11935.0,11935.0,21120.0,21120.0
2024-06,C060,S2,P2,EUR,133.79,139253.15,139253.15,25,33,12705.0,12705.0,22000.0,22000.0
2024-07,C060,S2,P2,EUR,110.87,115135.96,115135.96,21,27,10395.0,10395.0,18480.0,18480.0
2024-08,C060,S2,P2,EUR,120.91,126079.8,126079.8,23,30,11550.0,11550.0,20240.0,20240.0
2024-09,C060,S2,P2,EUR,130.5,135030.79,135030.79,25,32,12320.0,12320.0,22000.0,22000.0
2024-10,C060,S2,P2,EUR,130.6,136422.42,136422.42,25,32,12320.0,12320.0,22000.0,22000.0
2024-11,C060,S2,P2,EUR,136.14,141146.87,141146.87,26,34,13090.0,13090.0,22880.0,22880.0
2024-12,C060,S2,P2,EUR,150.36,156843.9,156843.9,28,37,14245.0,14245.0,24640.0,24640.0
2025-01,C060,S2,P2,EUR,121.17,128238.08,128238.08,23,30,12120.0,12120.0,20815.0,20815.0
2025-02,C060,S2,P2,EUR,116.71,124189.21,124189.21,22,29,11716.0,11716.0,19910.0,19910.0
2025-03,C060,S2,P2,EUR,136.55,145456.02,145456.02,26,34,13736.0,13736.0,23530.0,23530.0
2025-04,C060,S2,P2,EUR,134.59,143177.43,143177.43,25,33,13332.0,13332.0,22625.0,22625.0
2025-05,C060,S2,P2,EUR,126.39,134525.79,134525.79,24,31,12524.0,12524.0,21720.0,21720.0
2025-06,C060,S2,P2,EUR,130.67,137817.07,137817.07,25,32,12928.0,12928.0,22625.0,22625.0
2025-07,C060,S2,P2,EUR,110.49,117448.12,117448.12,21,27,10908.0,10908.0,19005.0,19005.0
2025-08,C060,S2,P2,EUR,125.14,132612.68,132612.68,24,31,12524.0,12524.0,21720.0,21720.0
2025-09,C060,S2,P2,EUR,134.83,144344.1,144344.1,25,33,13332.0,13332.0,22625.0,22625.0
2025-10,C060,S2,P2,EUR,141.41,151592.82,151592.82,27,35,14140.0,14140.0,24435.0,24435.0
2025-11,C060,S2,P2,EUR,142.34,151370.68,151370.68,27,35,14140.0,14140.0,24435.0,24435.0
2025-12,C060,S2,P2,EUR,140.95,150140.63,150140.63,27,35,14140.0,14140.0,24435.0,24435.0
2024-01,C061,S5,P4,SEK,52.47,759603.91,66309.1,16,10,44000.0,3840.95,160800.0,14036.93
2024-02,C061,S5,P4,SEK,46.49,672345.36,58780.7,14,9,39600.0,3462.08,140700.0,12300.89
2024-03,C061,S5,P4,SEK,49.18,713394.32,62512.1,15,10,44000.0,3855.56,150750.0,13209.66
2024-04,C061,S5,P4,SEK,48.22,701644.47,61154.01,15,9,39600.0,3451.46,150750.0,13139.09
2024-05,C061,S5,P4,SEK,43.66,633097.11,55390.53,13,9,39600.0,3464.66,130650.0,11430.75
2024-06,C061,S5,P4,SEK,47.33,687841.82,60266.69,14,9,39600.0,3469.64,140700.0,12327.72
2024-07,C061,S5,P4,SEK,39.58,574220.24,50650.11,12,8,35200.0,3104.88,120600.0,10637.73
2024-08,C061,S5,P4,SEK,52.93,768438.12,67100.78,16,10,44000.0,3842.12,160800.0,14041.22
2024-09,C061,S5,P4,SEK,54.42,795820.8,69851.73,16,11,48400.0,4248.22,160800.0,14113.93
2024-10,C061,S5,P4,SEK,51.13,742157.17,65058.7,15,10,44000.0,3857.11,150750.0,13214.99
2024-11,C061,S5,P4,SEK,53.89,780621.6,68036.92,16,11,48400.0,4218.42,160800.0,14014.9
2024-12,C061,S5,P4,SEK,46.8,682183.96,59725.44,14,9,39600.0,3466.99,140700.0,12318.33
2025-01,C061,S5,P4,SEK,47.62,703918.96,59138.94,14,9,41580.0,3493.3,144900.0,12173.61
2025-02,C061,S5,P4,SEK,49.01,724394.65,61025.81,15,10,46200.0,3892.07,155250.0,13078.86
2025-03,C061,S5,P4,SEK,57.97,861510.28,72239.81,18,11,50820.0,4261.39,186300.0,15621.72
2025-04,C061,S5,P4,SEK,45.84,685650.48,57929.24,14,9,41580.0,3513.01,144900.0,12242.31
2025-05,C061,S5,P4,SEK,52.56,786261.2,65995.84,16,10,46200.0,3877.86,165600.0,13899.85
2025-06,C061,S5,P4,SEK,50.05,749103.71,63243.79,15,10,46200.0,3900.48,155250.0,13107.13
2025-07,C061,S5,P4,SEK,47.04,699151.2,58745.29,14,9,41580.0,3493.71,144900.0,12175.04
2025-08,C061,S5,P4,SEK,45.1,667230.83,56726.22,14,9,41580.0,3535.02,144900.0,12319.02
2025-09,C061,S5,P4,SEK,53.55,792954.88,66556.56,16,10,46200.0,3877.79,165600.0,13899.61
2025-10,C061,S5,P4,SEK,51.9,768269.67,64749.83,16,10,46200.0,3893.74,165600.0,13956.78
2025-11,C061,S5,P4,SEK,53.13,787731.1,66376.05,16,10,46200.0,3892.92,165600.0,13953.84
2025-12,C061,S5,P4,SEK,49.53,737138.45,62186.36,15,10,46200.0,3897.52,155250.0,13097.18
2024-01,C062,S2,P2,EUR,87.95,93439.18,93439.18,18,20,7700.0,7700.0,15840.0,15840.0
2024-02,C062,S2,P2,EUR,96.52,103007.54,103007.54,20,22,8470.0,8470.0,17600.0,17600.0
2024-03,C062,S2,P2,EUR,100.27,106950.37,106950.37,21,23,8855.0,8855.0,18480.0,18480.0
2024-04,C062,S2,P2,EUR,92.23,97639.05,97639.05,19,21,8085.0,8085.0,16720.0,16720.0
2024-05,C062,S2,P2,EUR,86.04,92152.88,92152.88,18,20,7700.0,7700.0,15840.0,15840.0
2024-06,C062,S2,P2,EUR,92.53,97926.56,97926.56,19,21,8085.0,8085.0,16720.0,16720.0
2024-07,C062,S2,P2,EUR,84.88,90425.01,90425.01,18,19,7315.0,7315.0,15840.0,15840.0
2024-08,C062,S2,P2,EUR,88.88,94381.1,94381.1,19,20,7700.0,7700.0,16720.0,16720.0
2024-09,C062,S2,P2,EUR,104.23,110837.03,110837.03,22,24,9240.0,9240.0,19360.0,19360.0
2024-10,C062,S2,P2,EUR,93.75,99996.8,99996.8,20,21,8085.0,8085.0,17600.0,17600.0
2024-11,C062,S2,P2,EUR,111.18,119472.3,119472.3,23,25,9625.0,9625.0,20240.0,20240.0
2024-12,C062,S2,P2,EUR,95.87,102273.79,102273.79,20,22,8470.0,8470.0,17600.0,17600.0
2025-01,C062,S2,P2,EUR,91.62,100075.39,100075.39,19,21,8484.0,8484.0,17195.0,17195.0
2025-02,C062,S2,P2,EUR,93.24,101920.6,101920.6,20,21,8484.0,8484.0,18100.0,18100.0
2025-03,C062,S2,P2,EUR,99.66,108962.17,108962.17,21,23,9292.0,9292.0,19005.0,19005.0
2025-04,C062,S2,P2,EUR,91.38,99316.16,99316.16,19,21,8484.0,8484.0,17195.0,17195.0
2025-05,C062,S2,P2,EUR,98.06,106897.06,106897.06,21,22,8888.0,8888.0,19005.0,19005.0
2025-06,C062,S2,P2,EUR,86.6,93792.72,93792.72,18,20,8080.0,8080.0,16290.0,16290.0
2025-07,C062,S2,P2,EUR,83.53,91493.28,91493.28,18,19,7676.0,7676.0,16290.0,16290.0
2025-08,C062,S2,P2,EUR,94.06,102056.24,102056.24,20,22,8888.0,8888.0,18100.0,18100.0
2025-09,C062,S2,P2,EUR,98.89,107482.58,107482.58,21,23,9292.0,9292.0,19005.0,19005.0
2025-10,C062,S2,P2,EUR,103.27,112905.34,112905.34,22,24,9696.0,9696.0,19910.0,19910.0
2025-11,C062,S2,P2,EUR,107.55,117411.45,117411.45,23,25,10100.0,10100.0,20815.0,20815.0
2025-12,C062,S2,P2,EUR,104.99,113964.14,113964.14,22,24,9696.0,9696.0,19910.0,19910.0
2024-01,C063,S3,P2,EUR,99.01,97540.15,97540.15,20,23,8855.0,8855.0,17600.0,17600.0
2024-02,C063,S3,P2,EUR,85.72,84367.49,84367.49,17,20,7700.0,7700.0,14960.0,14960.0
2024-03,C063,S3,P2,EUR,102.53,100625.94,100625.94,20,24,9240.0,9240.0,17600.0,17600.0
2024-04,C063,S3,P2,EUR,94.58,93213.14,93213.14,19,22,8470.0,8470.0,16720.0,16720.0
2024-05,C063,S3,P2,EUR,108.45,106623.92,106623.92,22,26,10010.0,10010.0,19360.0,19360.0
2024-06,C063,S3,P2,EUR,94.62,93526.11,93526.11,19,22,8470.0,8470.0,16720.0,16720.0
2024-07,C063,S3,P2,EUR,86.36,84837.04,84837.04,17,20,7700.0,7700.0,14960.0,14960.0
2024-08,C063,S3,P2,EUR,94.39,92385.4,92385.4,19,22,8470.0,8470.0,16720.0,16720.0
2024-09,C063,S3,P2,EUR,98.87,97786.17,97786.17,20,23,8855.0,8855.0,17600.0,17600.0
2024-10,C063,S3,P2,EUR,113.14,111646.44,111646.44,23,27,10395.0,10395.0,20240.0,20240.0
2024-11,C063,S3,P2,EUR,117.08,115762.8,115762.8,23,28,10780.0,10780.0,20240.0,20240.0
2024-12,C063,S3,P2,EUR,103.29,101683.24,101683.24,21,24,9240.0,9240.0,18480.0,18480.0
2025-01,C063,S3,P2,EUR,99.64,100633.0,100633.0,20,23,9292.0,9292.0,18100.0,18100.0
2025-02,C063,S3,P2,EUR,107.1,108172.28,108172.28,21,25,10100.0,10100.0,19005.0,19005.0
2025-03,C063,S3,P2,EUR,103.63,104725.95,104725.95,21,24,9696.0,9696.0,19005.0,19005.0
2025-04,C063,S3,P2,EUR,110.68,111150.17,111150.17,22,26,10504.0,10504.0,19910.0,19910.0
2025-05,C063,S3,P2,EUR,103.75,104051.58,104051.58,21,24,9696.0,9696.0,19005.0,19005.0
2025-06,C063,S3,P2,EUR,104.33,105260.39,105260.39,21,25,10100.0,10100.0,19005.0,19005.0
2025-07,C063,S3,P2,EUR,86.49,86947.77,86947.77,17,20,8080.0,8080.0,15385.0,15385.0
2025-08,C063,S3,P2,EUR,111.17,112652.14,112652.14,22,26,10504.0,10504.0,19910.0,19910.0
2025-09,C063,S3,P2,EUR,113.82,114679.14,114679.14,23,27,10908.0,10908.0,20815.0,20815.0
2025-10,C063,S3,P2,EUR,106.0,107545.82,107545.82,21,25,10100.0,10100.0,19005.0,19005.0
2025-11,C063,S3,P2,EUR,106.3,106851.92,106851.92,21,25,10100.0,10100.0,19005.0,19005.0
2025-12,C063,S3,P2,EUR,112.83,112155.95,112155.95,22,27,10908.0,10908.0,19910.0,19910.0
2024-01,C064,S3,P2,EUR,48.16,45692.88,45692.88,9,12,4620.0,4620.0,7920.0,7920.0
2024-02,C064,S3,P2,EUR,46.05,43899.69,43899.69,9,12,4620.0,4620.0,7920.0,7920.0
2024-03,C064,S3,P2,EUR,45.34,43083.86,43083.86,8,12,4620.0,4620.0,7040.0,7040.0
2024-04,C064,S3,P2,EUR,49.51,47055.91,47055.91,9,13,5005.0,5005.0,7920.0,7920.0
2024-05,C064,S3,P2,EUR,44.77,42392.18,42392.18,8,11,4235.0,4235.0,7040.0,7040.0
2024-06,C064,S3,P2,EUR,44.79,42884.83,42884.83,8,11,4235.0,4235.0,7040.0,7040.0
2024-07,C064,S3,P2,EUR,43.22,41398.34,41398.34,8,11,4235.0,4235.0,7040.0,7040.0
2024-08,C064,S3,P2,EUR,47.27,44820.73,44820.73,9,12,4620.0,4620.0,7920.0,7920.0
2024-09,C064,S3,P2,EUR,48.49,46201.95,46201.95,9,12,4620.0,4620.0,7920.0,7920.0
2024-10,C064,S3,P2,EUR,45.13,42711.86,42711.86,8,11,4235.0,4235.0,7040.0,7040.0
2024-11,C064,S3,P2,EUR,55.52,52534.57,52534.57,10,14,5390.0,5390.0,8800.0,8800.0
2024-12,C064,S3,P2,EUR,46.52,43930.56,43930.56,9,12,4620.0,4620.0,7920.0,7920.0
2025-01,C064,S3,P2,EUR,43.88,42435.0,42435.0,8,11,4444.0,4444.0,7240.0,7240.0
2025-02,C064,S3,P2,EUR,48.34,46949.41,46949.41,9,12,4848.0,4848.0,8145.0,8145.0
2025-03,C064,S3,P2,EUR,50.57,49288.85,49288.85,9,13,5252.0,5252.0,8145.0,8145.0
2025-04,C064,S3,P2,EUR,47.72,46634.93,46634.93,9,12,4848.0,4848.0,8145.0,8145.0
2025-05,C064,S3,P2,EUR,47.81,46079.7,46079.7,9,12,4848.0,4848.0,8145.0,8145.0
2025-06,C064,S3,P2,EUR,51.63,50436.81,50436.81,10,13,5252.0,5252.0,9050.0,9050.0
2025-07,C064,S3,P2,EUR,41.36,40280.62,40280.62,8,11,4444.0,4444.0,7240.0,7240.0
2025-08,C064,S3,P2,EUR,45.2,43792.11,43792.11,8,12,4848.0,4848.0,7240.0,7240.0
2025-09,C064,S3,P2,EUR,48.21,46892.56,46892.56,9,12,4848.0,4848.0,8145.0,8145.0
2025-10,C064,S3,P2,EUR,49.7,48259.99,48259.99,9,13,5252.0,5252.0,8145.0,8145.0
2025-11,C064,S3,P2,EUR,57.26,55358.57,55358.57,11,15,6060.0,6060.0,9955.0,9955.0
2025-12,C064,S3,P2,EUR,40.92,39799.87,39799.87,8,10,4040.0,4040.0,7240.0,7240.0
2024-01,C065,S3,P3,SEK,57.41,616778.06,53841.22,12,14,61600.0,5377.33,120600.0,10527.69
2024-02,C065,S3,P3,SEK,67.93,730571.72,63871.21,14,17,74800.0,6539.49,140700.0,12300.89
2024-03,C065,S3,P3,SEK,68.39,739328.71,64784.63,14,17,74800.0,6554.45,140700.0,12329.02
2024-04,C065,S3,P3,SEK,71.77,768180.99,66953.21,15,18,79200.0,6902.92,150750.0,13139.09
2024-05,C065,S3,P3,SEK,65.88,706862.7,61844.38,13,16,70400.0,6159.39,130650.0,11430.75
2024-06,C065,S3,P3,SEK,69.09,743555.13,65148.13,14,17,74800.0,6553.76,140700.0,12327.72
2024-07,C065,S3,P3,SEK,56.39,606487.7,53496.31,11,14,61600.0,5433.54,110550.0,9751.26
2024-08,C065,S3,P3,SEK,65.5,708387.23,61857.08,13,16,70400.0,6147.4,130650.0,11408.49
2024-09,C065,S3,P3,SEK,69.96,750000.76,65829.96,14,17,74800.0,6565.43,140700.0,12349.69
2024-10,C065,S3,P3,SEK,75.23,810255.72,71028.33,15,18,79200.0,6942.8,150750.0,13214.99
2024-11,C065,S3,P3,SEK,77.1,823496.94,71773.82,16,19,83600.0,7286.36,160800.0,14014.9
2024-12,C065,S3,P3,SEK,75.8,815662.03,71411.49,15,19,83600.0,7319.21,150750.0,13198.21
2025-01,C065,S3,P3,SEK,62.65,688378.82,57833.35,13,15,69300.0,5822.16,134550.0,11304.06
2025-02,C065,S3,P3,SEK,62.64,689714.9,58104.25,13,15,69300.0,5838.1,134550.0,11335.01
2025-03,C065,S3,P3,SEK,69.89,764921.28,64140.58,14,17,78540.0,6585.78,144900.0,12150.23
2025-04,C065,S3,P3,SEK,69.82,762236.7,64399.86,14,17,78540.0,6635.69,144900.0,12242.31
2025-05,C065,S3,P3,SEK,71.84,788139.62,66153.5,15,18,83160.0,6980.14,155250.0,13031.11
2025-06,C065,S3,P3,SEK,71.3,782300.2,66046.43,14,17,78540.0,6630.81,144900.0,12233.32
2025-07,C065,S3,P3,SEK,59.55,650794.36,54682.17,12,15,69300.0,5822.84,124200.0,10435.75
2025-08,C065,S3,P3,SEK,73.44,810068.21,68869.88,15,18,83160.0,7070.05,155250.0,13198.95
2025-09,C065,S3,P3,SEK,83.29,911084.94,76471.79,17,20,92400.0,7755.58,175950.0,14768.34
2025-10,C065,S3,P3,SEK,79.16,870486.48,73364.67,16,19,87780.0,7398.11,165600.0,13956.78
2025-11,C065,S3,P3,SEK,78.26,858521.67,72341.03,16,19,87780.0,7396.55,165600.0,13953.84
2025-12,C065,S3,P3,SEK,73.9,810214.97,68351.23,15,18,83160.0,7015.53,155250.0,13097.18
2024-01,C066,S3,P2,EUR,50.43,50254.25,50254.25,9,11,4235.0,4235.0,7920.0,7920.0
2024-02,C066,S3,P2,EUR,64.08,63745.17,63745.17,11,14,5390.0,5390.0,9680.0,9680.0
2024-03,C066,S3,P2,EUR,67.97,67372.27,67372.27,12,15,5775.0,5775.0,10560.0,10560.0
2024-04,C066,S3,P2,EUR,66.78,66966.85,66966.85,12,15,5775.0,5775.0,10560.0,10560.0
2024-05,C066,S3,P2,EUR,57.53,57189.8,57189.8,10,13,5005.0,5005.0,8800.0,8800.0
2024-06,C066,S3,P2,EUR,66.97,66919.49,66919.49,12,15,5775.0,5775.0,10560.0,10560.0
2024-07,C066,S3,P2,EUR,51.37,51266.58,51266.58,9,12,4620.0,4620.0,7920.0,7920.0
2024-08,C066,S3,P2,EUR,64.45,64000.21,64000.21,11,14,5390.0,5390.0,9680.0,9680.0
2024-09,C066,S3,P2,EUR,61.85,61562.79,61562.79,11,14,5390.0,5390.0,9680.0,9680.0
2024-10,C066,S3,P2,EUR,64.49,63946.56,63946.56,11,14,5390.0,5390.0,9680.0,9680.0
2024-11,C066,S3,P2,EUR,71.33,71312.67,71312.67,13,16,6160.0,6160.0,11440.0,11440.0
2024-12,C066,S3,P2,EUR,58.76,58675.42,58675.42,10,13,5005.0,5005.0,8800.0,8800.0
2025-01,C066,S3,P2,EUR,53.76,54807.48,54807.48,10,12,4848.0,4848.0,9050.0,9050.0
2025-02,C066,S3,P2,EUR,65.65,66770.33,66770.33,12,15,6060.0,6060.0,10860.0,10860.0
2025-03,C066,S3,P2,EUR,71.08,71975.19,71975.19,13,16,6464.0,6464.0,11765.0,11765.0
2025-04,C066,S3,P2,EUR,69.66,70906.62,70906.62,12,16,6464.0,6464.0,10860.0,10860.0
2025-05,C066,S3,P2,EUR,54.45,55332.33,55332.33,10,12,4848.0,4848.0,9050.0,9050.0
2025-06,C066,S3,P2,EUR,61.52,62284.99,62284.99,11,14,5656.0,5656.0,9955.0,9955.0
2025-07,C066,S3,P2,EUR,51.5,52257.23,52257.23,9,12,4848.0,4848.0,8145.0,8145.0
2025-08,C066,S3,P2,EUR,57.68,58516.4,58516.4,10,13,5252.0,5252.0,9050.0,9050.0
2025-09,C066,S3,P2,EUR,68.57,70071.14,70071.14,12,15,6060.0,6060.0,10860.0,10860.0
2025-10,C066,S3,P2,EUR,66.31,67141.06,67141.06,12,15,6060.0,6060.0,10860.0,10860.0
2025-11,C066,S3,P2,EUR,66.79,67987.56,67987.56,12,15,6060.0,6060.0,10860.0,10860.0
2025-12,C066,S3,P2,EUR,60.62,61841.9,61841.9,11,14,5656.0,5656.0,9955.0,9955.0
2024-01,C067,S5,P4,SEK,120.15,1660109.74,144918.14,38,34,149600.0,13059.23,381900.0,33337.7
2024-02,C067,S5,P4,SEK,117.72,1624376.03,142013.26,37,34,149600.0,13078.98,371850.0,32509.49
2024-03,C067,S5,P4,SEK,134.53,1851037.94,162199.59,43,39,171600.0,15036.67,432150.0,37867.7
2024-04,C067,S5,P4,SEK,122.37,1687608.43,147088.78,39,35,154000.0,13422.35,391950.0,34161.63
2024-05,C067,S5,P4,SEK,129.04,1769471.74,154813.49,41,37,162800.0,14243.59,412050.0,36050.81
2024-06,C067,S5,P4,SEK,123.7,1714555.41,150224.34,39,35,154000.0,13493.03,391950.0,34341.51
2024-07,C067,S5,P4,SEK,97.34,1340978.02,118283.32,31,28,123200.0,10867.07,311550.0,27480.82
2024-08,C067,S5,P4,SEK,115.05,1588833.31,138738.5,36,33,145200.0,12679.01,361800.0,31592.73
2024-09,C067,S5,P4,SEK,129.67,1789974.51,157111.78,41,37,162800.0,14289.48,412050.0,36166.94
2024-10,C067,S5,P4,SEK,139.97,1934541.23,169585.03,44,40,176000.0,15428.45,442200.0,38763.97
2024-11,C067,S5,P4,SEK,122.67,1693797.42,147626.92,39,35,154000.0,13422.23,391950.0,34161.33
2024-12,C067,S5,P4,SEK,131.44,1802767.88,157832.94,42,38,167200.0,14638.42,422100.0,36955.0
2025-01,C067,S5,P4,SEK,134.55,1887820.13,158603.03,43,39,180180.0,15137.61,445050.0,37390.36
2025-02,C067,S5,P4,SEK,117.5,1648194.33,138850.27,37,34,157080.0,13233.03,382950.0,32261.19
2025-03,C067,S5,P4,SEK,132.32,1862702.45,156192.29,42,38,175560.0,14721.15,434700.0,36450.69
2025-04,C067,S5,P4,SEK,119.68,1684744.5,142340.7,38,34,157080.0,13271.38,393300.0,33229.13
2025-05,C067,S5,P4,SEK,123.84,1746400.49,146586.35,39,35,161700.0,13572.5,403650.0,33880.88
2025-06,C067,S5,P4,SEK,113.37,1604319.05,135446.15,36,32,147840.0,12481.53,372600.0,31457.11
2025-07,C067,S5,P4,SEK,108.47,1539979.53,129394.82,34,31,143220.0,12033.88,351900.0,29567.95
2025-08,C067,S5,P4,SEK,123.6,1737152.4,147688.16,39,35,161700.0,13747.31,403650.0,34317.27
2025-09,C067,S5,P4,SEK,151.81,2144255.2,179977.77,48,44,203280.0,17062.28,496800.0,41698.84
2025-10,C067,S5,P4,SEK,131.61,1854481.19,156295.82,42,38,175560.0,14796.21,434700.0,36636.55
2025-11,C067,S5,P4,SEK,142.08,2001910.32,168685.62,45,41,189420.0,15960.97,465750.0,39245.18
2025-12,C067,S5,P4,SEK,126.09,1777898.65,149986.81,40,36,166320.0,14031.06,414000.0,34925.8
2024-01,C068,S1,P3,SEK,110.2,1361881.98,118884.55,18,24,105600.0,9218.28,180900.0,15791.54
2024-02,C068,S1,P3,SEK,107.83,1328856.57,116177.07,18,23,101200.0,8847.55,180900.0,15815.43
2024-03,C068,S1,P3,SEK,129.42,1604461.79,140593.04,22,28,123200.0,10795.56,221100.0,19374.17
2024-04,C068,S1,P3,SEK,115.09,1431908.63,124802.47,19,25,110000.0,9587.39,190950.0,16642.84
2024-05,C068,S1,P3,SEK,108.95,1350030.56,118116.01,18,23,101200.0,8854.13,180900.0,15827.19
2024-06,C068,S1,P3,SEK,118.29,1468014.33,128623.13,20,25,110000.0,9637.88,201000.0,17611.03
2024-07,C068,S1,P3,SEK,100.79,1248595.88,110134.59,17,22,96800.0,8538.41,170850.0,15070.12
2024-08,C068,S1,P3,SEK,109.58,1352808.97,118128.62,18,23,101200.0,8836.88,180900.0,15796.37
2024-09,C068,S1,P3,SEK,116.88,1449833.38,127256.51,19,25,110000.0,9655.05,190950.0,16760.29
2024-10,C068,S1,P3,SEK,135.24,1680685.29,147331.61,23,29,127600.0,11185.62,231150.0,20262.98
2024-11,C068,S1,P3,SEK,124.54,1544151.9,134584.21,21,27,118800.0,10354.29,211050.0,18394.56
2024-12,C068,S1,P3,SEK,117.19,1461458.89,127951.23,20,25,110000.0,9630.54,201000.0,17597.62
2025-01,C068,S1,P3,SEK,123.34,1554078.06,130564.07,21,26,120120.0,10091.74,217350.0,18260.41
2025-02,C068,S1,P3,SEK,143.29,1813207.19,152751.59,24,31,143220.0,12065.41,248400.0,20926.18
2025-03,C068,S1,P3,SEK,146.3,1844449.42,154661.73,24,31,143220.0,12009.36,248400.0,20828.97
2025-04,C068,S1,P3,SEK,134.95,1711714.15,144619.31,23,29,133980.0,11319.7,238050.0,20112.37
2025-05,C068,S1,P3,SEK,147.57,1862379.15,156321.17,25,32,147840.0,12409.14,258750.0,21718.51
2025-06,C068,S1,P3,SEK,126.63,1595099.41,134667.78,21,27,124740.0,10531.29,217350.0,18349.98
2025-07,C068,S1,P3,SEK,111.35,1414627.7,118862.29,19,24,110880.0,9316.55,196650.0,16523.27
2025-08,C068,S1,P3,SEK,118.98,1510944.9,128456.59,20,25,115500.0,9819.51,207000.0,17598.6
2025-09,C068,S1,P3,SEK,138.22,1753898.66,147213.25,23,30,138600.0,11633.37,238050.0,19980.69
2025-10,C068,S1,P3,SEK,147.35,1860929.36,156839.27,25,32,147840.0,12459.97,258750.0,21807.47
2025-11,C068,S1,P3,SEK,142.76,1809063.47,152435.89,24,31,143220.0,12068.05,248400.0,20930.76
2025-12,C068,S1,P3,SEK,149.62,1893062.12,159702.21,25,32,147840.0,12472.06,258750.0,21828.63
2024-01,C069,S3,P4,SEK,102.55,1150078.84,100395.34,25,24,105600.0,9218.28,251250.0,21932.7
2024-02,C069,S3,P4,SEK,94.27,1062339.02,92876.42,23,22,96800.0,8462.87,231150.0,20208.6
2024-03,C069,S3,P4,SEK,104.81,1174828.67,102945.88,25,24,105600.0,9253.34,251250.0,22016.11
2024-04,C069,S3,P4,SEK,100.88,1133229.78,98770.18,24,23,101200.0,8820.4,241200.0,21022.54
2024-05,C069,S3,P4,SEK,97.59,1093111.11,95637.78,24,22,96800.0,8469.16,241200.0,21102.92
2024-06,C069,S3,P4,SEK,90.23,1018579.63,89244.97,22,21,92400.0,8095.82,221100.0,19372.14
2024-07,C069,S3,P4,SEK,85.2,956194.05,84342.78,21,20,88000.0,7762.19,211050.0,18616.04
2024-08,C069,S3,P4,SEK,108.69,1219739.62,106508.87,26,25,110000.0,9605.31,261300.0,22816.98
2024-09,C069,S3,P4,SEK,115.39,1299294.5,114043.23,28,27,118800.0,10427.46,281400.0,24699.38
2024-10,C069,S3,P4,SEK,96.91,1090261.63,95574.11,23,22,96800.0,8485.65,231150.0,20262.98
2024-11,C069,S3,P4,SEK,111.15,1244166.24,108438.25,27,26,114400.0,9970.8,271350.0,23650.15
2024-12,C069,S3,P4,SEK,104.43,1168555.51,102307.43,25,24,105600.0,9245.32,251250.0,21997.02
2025-01,C069,S3,P4,SEK,98.21,1130244.96,94956.23,24,23,106260.0,8927.31,248400.0,20869.04
2025-02,C069,S3,P4,SEK,102.42,1172865.58,98806.73,25,24,110880.0,9340.96,258750.0,21798.1
2025-03,C069,S3,P4,SEK,108.58,1245575.36,104444.63,26,25,115500.0,9684.97,269100.0,22564.71
2025-04,C069,S3,P4,SEK,104.16,1198228.86,101235.96,25,24,110880.0,9368.03,258750.0,21861.27
2025-05,C069,S3,P4,SEK,96.08,1106752.49,92896.68,23,22,101640.0,8531.28,238050.0,19981.03
2025-06,C069,S3,P4,SEK,107.6,1239717.1,104664.29,26,25,115500.0,9751.2,269100.0,22719.02
2025-07,C069,S3,P4,SEK,85.88,983556.0,82642.04,21,20,92400.0,7763.79,217350.0,18262.56
2025-08,C069,S3,P4,SEK,90.62,1038839.13,88319.39,22,21,97020.0,8248.39,227700.0,19358.46
2025-09,C069,S3,P4,SEK,105.95,1221907.0,102560.6,26,24,110880.0,9306.7,269100.0,22586.87
2025-10,C069,S3,P4,SEK,117.78,1354069.87,114121.12,28,27,124740.0,10513.1,289800.0,24424.37
2025-11,C069,S3,P4,SEK,105.69,1217111.35,102556.63,26,24,110880.0,9343.01,269100.0,22674.99
2025-12,C069,S3,P4,SEK,109.35,1252870.77,105694.49,26,25,115500.0,9743.79,269100.0,22701.77
2024-01,C070,S3,P2,EUR,91.33,90015.34,90015.34,29,19,7315.0,7315.0,25520.0,25520.0
2024-02,C070,S3,P2,EUR,102.44,101407.33,101407.33,33,22,8470.0,8470.0,29040.0,29040.0
2024-03,C070,S3,P2,EUR,92.61,91192.48,91192.48,29,20,7700.0,7700.0,25520.0,25520.0
2024-04,C070,S3,P2,EUR,89.84,88834.66,88834.66,29,19,7315.0,7315.0,25520.0,25520.0
2024-05,C070,S3,P2,EUR,98.18,97570.0,97570.0,31,21,8085.0,8085.0,27280.0,27280.0
2024-06,C070,S3,P2,EUR,101.05,99420.8,99420.8,32,21,8085.0,8085.0,28160.0,28160.0
2024-07,C070,S3,P2,EUR,82.61,81775.84,81775.84,26,17,6545.0,6545.0,22880.0,22880.0
2024-08,C070,S3,P2,EUR,90.65,89416.17,89416.17,29,19,7315.0,7315.0,25520.0,25520.0
2024-09,C070,S3,P2,EUR,94.17,92436.26,92436.26,30,20,7700.0,7700.0,26400.0,26400.0
2024-10,C070,S3,P2,EUR,108.5,107168.67,107168.67,35,23,8855.0,8855.0,30800.0,30800.0
2024-11,C070,S3,P2,EUR,91.53,90666.44,90666.44,29,19,7315.0,7315.0,25520.0,25520.0
2024-12,C070,S3,P2,EUR,100.21,99134.51,99134.51,32,21,8085.0,8085.0,28160.0,28160.0
2025-01,C070,S3,P2,EUR,96.12,97079.75,97079.75,31,20,8080.0,8080.0,28055.0,28055.0
2025-02,C070,S3,P2,EUR,97.87,99372.52,99372.52,31,21,8484.0,8484.0,28055.0,28055.0
2025-03,C070,S3,P2,EUR,101.51,101718.93,101718.93,32,21,8484.0,8484.0,28960.0,28960.0
2025-04,C070,S3,P2,EUR,118.99,120432.7,120432.7,38,25,10100.0,10100.0,34390.0,34390.0
2025-05,C070,S3,P2,EUR,112.66,113587.29,113587.29,36,24,9696.0,9696.0,32580.0,32580.0
2025-06,C070,S3,P2,EUR,101.75,103251.01,103251.01,32,22,8888.0,8888.0,28960.0,28960.0
2025-07,C070,S3,P2,EUR,90.79,91587.04,91587.04,29,19,7676.0,7676.0,26245.0,26245.0
2025-08,C070,S3,P2,EUR,113.57,114190.59,114190.59,36,24,9696.0,9696.0,32580.0,32580.0
2025-09,C070,S3,P2,EUR,127.41,128357.94,128357.94,41,27,10908.0,10908.0,37105.0,37105.0
2025-10,C070,S3,P2,EUR,131.61,132528.38,132528.38,42,28,11312.0,11312.0,38010.0,38010.0
2025-11,C070,S3,P2,EUR,118.41,119186.0,119186.0,38,25,10100.0,10100.0,34390.0,34390.0
2025-12,C070,S3,P2,EUR,98.79,100029.29,100029.29,31,21,8484.0,8484.0,28055.0,28055.0
2024-01,C071,S2,P4,SEK,125.49,1417934.85,123777.65,43,33,145200.0,12675.13,432150.0,37724.24
2024-02,C071,S2,P4,SEK,127.04,1443190.76,126172.89,43,33,145200.0,12694.31,432150.0,37781.29
2024-03,C071,S2,P4,SEK,157.29,1775620.82,155591.07,54,41,180400.0,15807.78,542700.0,47554.79
2024-04,C071,S2,P4,SEK,141.79,1607648.01,140119.58,48,37,162800.0,14189.34,482400.0,42045.08
2024-05,C071,S2,P4,SEK,155.12,1744468.27,152625.9,53,40,176000.0,15398.48,532650.0,46602.27
2024-06,C071,S2,P4,SEK,148.56,1692573.09,148298.31,51,39,171600.0,15035.09,512550.0,44908.13
2024-07,C071,S2,P4,SEK,131.27,1483499.18,130854.65,45,34,149600.0,13195.73,452250.0,39891.51
2024-08,C071,S2,P4,SEK,141.1,1605998.74,140237.4,48,37,162800.0,14215.86,482400.0,42123.65
2024-09,C071,S2,P4,SEK,158.02,1786437.59,156801.33,54,41,180400.0,15834.28,542700.0,47634.51
2024-10,C071,S2,P4,SEK,148.16,1672646.77,146626.94,51,38,167200.0,14657.02,512550.0,44930.97
2024-11,C071,S2,P4,SEK,161.46,1836178.97,160036.52,55,42,184800.0,16106.68,552750.0,48176.23
2024-12,C071,S2,P4,SEK,141.74,1602826.18,140327.98,48,37,162800.0,14253.2,482400.0,42234.28
2025-01,C071,S2,P4,SEK,125.34,1456926.42,122401.99,43,33,152460.0,12808.75,445050.0,37390.36
2025-02,C071,S2,P4,SEK,122.81,1419888.17,119616.87,42,32,147840.0,12454.61,434700.0,36620.81
2025-03,C071,S2,P4,SEK,144.95,1669550.54,139996.02,50,38,175560.0,14721.15,517500.0,43393.68
2025-04,C071,S2,P4,SEK,141.82,1638556.73,138438.39,48,37,170940.0,14442.38,496800.0,41973.64
2025-05,C071,S2,P4,SEK,153.42,1762889.41,147970.37,52,40,184800.0,15511.42,538200.0,45174.5
2025-06,C071,S2,P4,SEK,154.03,1774531.73,149816.52,53,40,184800.0,15601.91,548550.0,46311.85
2025-07,C071,S2,P4,SEK,122.68,1425111.12,119743.15,42,32,147840.0,12422.07,434700.0,36525.11
2025-08,C071,S2,P4,SEK,125.6,1441009.1,122510.83,43,33,152460.0,12961.75,445050.0,37836.99
2025-09,C071,S2,P4,SEK,154.03,1771760.2,148712.46,53,40,184800.0,15511.16,548550.0,46042.47
2025-10,C071,S2,P4,SEK,158.16,1830002.4,154232.75,54,41,189420.0,15964.33,558900.0,47104.14
2025-11,C071,S2,P4,SEK,151.73,1763758.5,148618.39,52,39,180180.0,15182.39,538200.0,45349.98
2025-12,C071,S2,P4,SEK,160.14,1855834.86,156561.65,55,42,194040.0,16369.57,569250.0,48022.98
2024-01,C072,S2,P1,EUR,140.92,147702.5,147702.5,23,35,13475.0,13475.0,20240.0,20240.0
2024-02,C072,S2,P1,EUR,149.21,158279.08,158279.08,24,37,14245.0,14245.0,21120.0,21120.0
2024-03,C072,S2,P1,EUR,142.78,151026.75,151026.75,23,35,13475.0,13475.0,20240.0,20240.0
2024-04,C072,S2,P1,EUR,131.25,139420.49,139420.49,21,33,12705.0,12705.0,18480.0,18480.0
2024-05,C072,S2,P1,EUR,157.93,166957.03,166957.03,25,39,15015.0,15015.0,22000.0,22000.0
2024-06,C072,S2,P1,EUR,142.86,151888.52,151888.52,23,35,13475.0,13475.0,20240.0,20240.0
2024-07,C072,S2,P1,EUR,130.94,138691.45,138691.45,21,32,12320.0,12320.0,18480.0,18480.0
2024-08,C072,S2,P1,EUR,146.55,155261.15,155261.15,23,36,13860.0,13860.0,20240.0,20240.0
2024-09,C072,S2,P1,EUR,157.9,167615.61,167615.61,25,39,15015.0,15015.0,22000.0,22000.0
2024-10,C072,S2,P1,EUR,163.68,173334.14,173334.14,26,41,15785.0,15785.0,22880.0,22880.0
2024-11,C072,S2,P1,EUR,160.32,170196.33,170196.33,26,40,15400.0,15400.0,22880.0,22880.0
2024-12,C072,S2,P1,EUR,148.39,156930.71,156930.71,24,37,14245.0,14245.0,21120.0,21120.0
2025-01,C072,S2,P1,EUR,160.54,173911.81,173911.81,26,40,16160.0,16160.0,23530.0,23530.0
2025-02,C072,S2,P1,EUR,160.52,174912.05,174912.05,26,40,16160.0,16160.0,23530.0,23530.0
2025-03,C072,S2,P1,EUR,150.82,162689.53,162689.53,24,37,14948.0,14948.0,21720.0,21720.0
2025-04,C072,S2,P1,EUR,167.58,180027.8,180027.8,27,42,16968.0,16968.0,24435.0,24435.0
2025-05,C072,S2,P1,EUR,174.13,189618.91,189618.91,28,43,17372.0,17372.0,25340.0,25340.0
2025-06,C072,S2,P1,EUR,155.66,168516.25,168516.25,25,39,15756.0,15756.0,22625.0,22625.0
2025-07,C072,S2,P1,EUR,140.7,152739.14,152739.14,23,35,14140.0,14140.0,20815.0,20815.0
2025-08,C072,S2,P1,EUR,148.08,161430.87,161430.87,24,37,14948.0,14948.0,21720.0,21720.0
2025-09,C072,S2,P1,EUR,157.56,170454.78,170454.78,25,39,15756.0,15756.0,22625.0,22625.0
2025-10,C072,S2,P1,EUR,187.25,201809.42,201809.42,30,46,18584.0,18584.0,27150.0,27150.0
2025-11,C072,S2,P1,EUR,179.73,194620.85,194620.85,29,45,18180.0,18180.0,26245.0,26245.0
2025-12,C072,S2,P1,EUR,172.75,186775.96,186775.96,28,43,17372.0,17372.0,25340.0,25340.0
2024-01,C073,S4,P1,EUR,133.36,173432.57,173432.57,28,31,11935.0,11935.0,24640.0,24640.0
2024-02,C073,S4,P1,EUR,122.85,159583.1,159583.1,26,29,11165.0,11165.0,22880.0,22880.0
2024-03,C073,S4,P1,EUR,120.74,156940.77,156940.77,25,28,10780.0,10780.0,22000.0,22000.0
2024-04,C073,S4,P1,EUR,130.24,169322.04,169322.04,27,31,11935.0,11935.0,23760.0,23760.0
2024-05,C073,S4,P1,EUR,142.02,184924.91,184924.91,30,33,12705.0,12705.0,26400.0,26400.0
2024-06,C073,S4,P1,EUR,130.35,169999.22,169999.22,27,31,11935.0,11935.0,23760.0,23760.0
2024-07,C073,S4,P1,EUR,117.81,154234.36,154234.36,25,28,10780.0,10780.0,22000.0,22000.0
2024-08,C073,S4,P1,EUR,122.57,158730.89,158730.89,26,29,11165.0,11165.0,22880.0,22880.0
2024-09,C073,S4,P1,EUR,145.96,189789.79,189789.79,31,34,13090.0,13090.0,27280.0,27280.0
2024-10,C073,S4,P1,EUR,144.39,187227.11,187227.11,30,34,13090.0,13090.0,26400.0,26400.0
2024-11,C073,S4,P1,EUR,157.38,202438.89,202438.89,33,37,14245.0,14245.0,29040.0,29040.0
2024-12,C073,S4,P1,EUR,133.16,172528.47,172528.47,28,31,11935.0,11935.0,24640.0,24640.0
2025-01,C073,S4,P1,EUR,144.51,191876.35,191876.35,30,34,13736.0,13736.0,27150.0,27150.0
2025-02,C073,S4,P1,EUR,128.37,169359.81,169359.81,27,30,12120.0,12120.0,24435.0,24435.0
2025-03,C073,S4,P1,EUR,162.69,216286.45,216286.45,34,38,15352.0,15352.0,30770.0,30770.0
2025-04,C073,S4,P1,EUR,170.15,226830.2,226830.2,36,40,16160.0,16160.0,32580.0,32580.0
2025-05,C073,S4,P1,EUR,142.27,188322.03,188322.03,30,34,13736.0,13736.0,27150.0,27150.0
2025-06,C073,S4,P1,EUR,143.57,189945.58,189945.58,30,34,13736.0,13736.0,27150.0,27150.0
2025-07,C073,S4,P1,EUR,136.1,180929.43,180929.43,28,32,12928.0,12928.0,25340.0,25340.0
2025-08,C073,S4,P1,EUR,150.78,200159.54,200159.54,32,36,14544.0,14544.0,28960.0,28960.0
2025-09,C073,S4,P1,EUR,170.72,225477.82,225477.82,36,40,16160.0,16160.0,32580.0,32580.0
2025-10,C073,S4,P1,EUR,166.57,222019.83,222019.83,35,39,15756.0,15756.0,31675.0,31675.0
2025-11,C073,S4,P1,EUR,141.42,187718.21,187718.21,30,33,13332.0,13332.0,27150.0,27150.0
2025-12,C073,S4,P1,EUR,145.84,193357.24,193357.24,31,34,13736.0,13736.0,28055.0,28055.0
2024-01,C074,S3,P3,SEK,77.38,855833.07,74709.36,24,18,79200.0,6913.71,241200.0,21055.39
2024-02,C074,S3,P3,SEK,78.55,861157.78,75287.88,24,19,83600.0,7308.84,241200.0,21087.23
2024-03,C074,S3,P3,SEK,91.14,1001421.55,87750.86,28,22,96800.0,8482.23,281400.0,24658.04
2024-04,C074,S3,P3,SEK,85.58,937644.04,81723.29,26,20,88000.0,7669.91,261300.0,22774.42
2024-05,C074,S3,P3,SEK,87.16,953276.41,83403.45,27,21,92400.0,8084.2,271350.0,23740.78
2024-06,C074,S3,P3,SEK,91.39,1003940.16,87962.3,28,22,96800.0,8481.33,281400.0,24655.45
2024-07,C074,S3,P3,SEK,73.75,810882.33,71525.3,22,18,79200.0,6985.98,221100.0,19502.51
2024-08,C074,S3,P3,SEK,82.13,909158.86,79388.65,25,19,83600.0,7300.03,251250.0,21939.4
2024-09,C074,S3,P3,SEK,94.29,1036240.56,90954.14,29,22,96800.0,8496.45,291450.0,25581.5
2024-10,C074,S3,P3,SEK,90.46,998024.11,87488.42,28,21,92400.0,8099.93,281400.0,24667.98
2024-11,C074,S3,P3,SEK,98.39,1086168.04,94667.54,30,23,101200.0,8820.33,301500.0,26277.94
2024-12,C074,S3,P3,SEK,96.26,1053723.84,92253.88,29,23,101200.0,8860.09,291450.0,25516.55
2025-01,C074,S3,P3,SEK,91.0,1023188.43,85961.99,28,22,101640.0,8539.17,289800.0,24347.21
2025-02,C074,S3,P3,SEK,84.81,953974.6,80366.51,26,20,92400.0,7784.13,269100.0,22670.03
2025-03,C074,S3,P3,SEK,97.76,1102365.61,92436.13,30,23,106260.0,8910.17,310500.0,26036.21
2025-04,C074,S3,P3,SEK,100.55,1128800.55,95370.1,31,24,110880.0,9368.03,320850.0,27107.98
2025-05,C074,S3,P3,SEK,94.57,1060766.9,89036.82,29,22,101640.0,8531.28,300150.0,25193.47
2025-06,C074,S3,P3,SEK,95.92,1079368.95,91126.74,29,23,106260.0,8971.1,300150.0,25340.45
2025-07,C074,S3,P3,SEK,76.31,854005.53,71756.73,23,18,83160.0,6987.41,238050.0,20001.85
2025-08,C074,S3,P3,SEK,93.37,1045092.58,88851.04,28,22,101640.0,8641.17,289800.0,24638.04
2025-09,C074,S3,P3,SEK,98.63,1115661.85,93642.93,30,23,106260.0,8918.92,310500.0,26061.78
2025-10,C074,S3,P3,SEK,92.88,1046071.18,88162.96,28,22,101640.0,8566.23,289800.0,24424.37
2025-11,C074,S3,P3,SEK,120.12,1352004.72,113923.06,37,29,133980.0,11289.47,382950.0,32268.26
2025-12,C074,S3,P3,SEK,96.92,1084768.54,91513.08,29,23,106260.0,8964.29,300150.0,25321.21
2024-01,C075,S3,P4,SEK,166.8,1879645.23,164082.34,43,40,176000.0,15363.8,432150.0,37724.24
2024-02,C075,S3,P4,SEK,133.19,1511721.91,132164.32,34,32,140800.0,12309.63,341700.0,29873.58
2024-03,C075,S3,P4,SEK,159.38,1807403.6,158376.07,41,38,167200.0,14651.12,412050.0,36106.41
2024-04,C075,S3,P4,SEK,155.8,1747055.78,152270.1,40,38,167200.0,14572.84,402000.0,35037.57
2024-05,C075,S3,P4,SEK,175.91,1983886.5,173572.93,45,42,184800.0,16168.4,452250.0,39567.97
2024-06,C075,S3,P4,SEK,138.72,1578142.66,138272.25,36,33,145200.0,12722.0,361800.0,31699.86
2024-07,C075,S3,P4,SEK,142.59,1603450.77,141435.19,37,34,149600.0,13195.73,371850.0,32799.68
2024-08,C075,S3,P4,SEK,142.42,1604153.8,140076.3,37,34,149600.0,13063.22,371850.0,32470.31
2024-09,C075,S3,P4,SEK,165.79,1868561.26,164009.59,43,40,176000.0,15448.08,432150.0,37931.19
2024-10,C075,S3,P4,SEK,163.55,1844905.8,161727.44,42,39,171600.0,15042.74,422100.0,37001.97
2024-11,C075,S3,P4,SEK,160.63,1807950.05,157576.16,41,39,171600.0,14956.2,412050.0,35913.19
2024-12,C075,S3,P4,SEK,181.44,2035661.61,178222.87,47,44,193600.0,16949.75,472350.0,41354.4
2025-01,C075,S3,P4,SEK,161.4,1856815.48,155998.21,42,39,180180.0,15137.61,434700.0,36520.82
2025-02,C075,S3,P4,SEK,171.08,1972587.59,166178.41,44,41,189420.0,15957.47,455400.0,38364.66
2025-03,C075,S3,P4,SEK,169.08,1963048.82,164606.59,44,41,189420.0,15883.34,455400.0,38186.44
2025-04,C075,S3,P4,SEK,175.9,2041331.99,172468.06,45,42,194040.0,16394.05,465750.0,39350.29
2025-05,C075,S3,P4,SEK,168.53,1935589.11,162466.14,43,41,189420.0,15899.21,445050.0,37355.84
2025-06,C075,S3,P4,SEK,159.66,1839943.06,155338.93,41,38,175560.0,14821.82,424350.0,35826.15
2025-07,C075,S3,P4,SEK,137.47,1579113.73,132683.02,35,33,152460.0,12810.26,362250.0,30437.6
2025-08,C075,S3,P4,SEK,164.11,1887006.92,160428.4,42,40,184800.0,15711.21,434700.0,36957.06
2025-09,C075,S3,P4,SEK,176.1,2035657.33,170862.63,45,42,194040.0,16286.72,465750.0,39092.66
2025-10,C075,S3,P4,SEK,173.15,1994963.89,168135.72,45,42,194040.0,16353.71,465750.0,39253.45
2025-11,C075,S3,P4,SEK,176.11,2038838.71,171797.29,45,42,194040.0,16350.26,465750.0,39245.18
2025-12,C075,S3,P4,SEK,167.16,1942092.38,163838.5,43,40,184800.0,15590.07,445050.0,37545.24
2024-01,C076,S1,P2,EUR,115.94,128566.77,128566.77,28,26,10010.0,10010.0,24640.0,24640.0
2024-02,C076,S1,P2,EUR,127.29,140686.95,140686.95,31,28,10780.0,10780.0,27280.0,27280.0
2024-03,C076,S1,P2,EUR,146.45,163042.23,163042.23,36,32,12320.0,12320.0,31680.0,31680.0
2024-04,C076,S1,P2,EUR,142.04,156753.22,156753.22,35,31,11935.0,11935.0,30800.0,30800.0
2024-05,C076,S1,P2,EUR,130.32,145105.78,145105.78,32,29,11165.0,11165.0,28160.0,28160.0
2024-06,C076,S1,P2,EUR,126.96,139794.28,139794.28,31,28,10780.0,10780.0,27280.0,27280.0
2024-07,C076,S1,P2,EUR,115.2,127026.26,127026.26,28,25,9625.0,9625.0,24640.0,24640.0
2024-08,C076,S1,P2,EUR,124.81,137760.25,137760.25,31,27,10395.0,10395.0,27280.0,27280.0
2024-09,C076,S1,P2,EUR,136.21,150534.04,150534.04,33,30,11550.0,11550.0,29040.0,29040.0
2024-10,C076,S1,P2,EUR,147.6,162635.38,162635.38,36,32,12320.0,12320.0,31680.0,31680.0
2024-11,C076,S1,P2,EUR,134.33,147367.36,147367.36,33,30,11550.0,11550.0,29040.0,29040.0
2024-12,C076,S1,P2,EUR,126.72,140150.94,140150.94,31,28,10780.0,10780.0,27280.0,27280.0
2025-01,C076,S1,P2,EUR,147.54,165827.84,165827.84,36,32,12928.0,12928.0,32580.0,32580.0
2025-02,C076,S1,P2,EUR,145.39,163559.07,163559.07,36,32,12928.0,12928.0,32580.0,32580.0
2025-03,C076,S1,P2,EUR,152.96,171190.89,171190.89,37,34,13736.0,13736.0,33485.0,33485.0
2025-04,C076,S1,P2,EUR,132.97,150447.2,150447.2,33,29,11716.0,11716.0,29865.0,29865.0
2025-05,C076,S1,P2,EUR,143.54,162048.97,162048.97,35,32,12928.0,12928.0,31675.0,31675.0
2025-06,C076,S1,P2,EUR,141.46,160312.13,160312.13,35,31,12524.0,12524.0,31675.0,31675.0
2025-07,C076,S1,P2,EUR,121.11,137128.54,137128.54,30,27,10908.0,10908.0,27150.0,27150.0
2025-08,C076,S1,P2,EUR,127.63,143402.58,143402.58,31,28,11312.0,11312.0,28055.0,28055.0
2025-09,C076,S1,P2,EUR,156.6,176338.48,176338.48,38,34,13736.0,13736.0,34390.0,34390.0
2025-10,C076,S1,P2,EUR,156.26,176254.77,176254.77,38,34,13736.0,13736.0,34390.0,34390.0
2025-11,C076,S1,P2,EUR,158.39,179691.39,179691.39,39,35,14140.0,14140.0,35295.0,35295.0
2025-12,C076,S1,P2,EUR,154.11,173040.46,173040.46,38,34,13736.0,13736.0,34390.0,34390.0
2024-01,C077,S3,P1,EUR,192.43,191559.71,191559.71,43,45,17325.0,17325.0,37840.0,37840.0
2024-02,C077,S3,P1,EUR,185.26,184751.21,184751.21,41,43,16555.0,16555.0,36080.0,36080.0
2024-03,C077,S3,P1,EUR,185.62,185925.77,185925.77,41,43,16555.0,16555.0,36080.0,36080.0
2024-04,C077,S3,P1,EUR,214.1,214442.01,214442.01,48,50,19250.0,19250.0,42240.0,42240.0
2024-05,C077,S3,P1,EUR,215.01,214151.56,214151.56,48,50,19250.0,19250.0,42240.0,42240.0
2024-06,C077,S3,P1,EUR,192.99,192850.89,192850.89,43,45,17325.0,17325.0,37840.0,37840.0
2024-07,C077,S3,P1,EUR,180.0,178712.06,178712.06,40,42,16170.0,16170.0,35200.0,35200.0
2024-08,C077,S3,P1,EUR,186.47,185839.39,185839.39,41,43,16555.0,16555.0,36080.0,36080.0
2024-09,C077,S3,P1,EUR,198.99,198379.19,198379.19,44,46,17710.0,17710.0,38720.0,38720.0
2024-10,C077,S3,P1,EUR,229.49,229293.46,229293.46,51,53,20405.0,20405.0,44880.0,44880.0
2024-11,C077,S3,P1,EUR,224.35,225099.14,225099.14,50,52,20020.0,20020.0,44000.0,44000.0
2024-12,C077,S3,P1,EUR,208.78,208440.09,208440.09,46,48,18480.0,18480.0,40480.0,40480.0
2025-01,C077,S3,P1,EUR,202.94,205522.41,205522.41,45,47,18988.0,18988.0,40725.0,40725.0
2025-02,C077,S3,P1,EUR,207.68,212165.62,212165.62,46,48,19392.0,19392.0,41630.0,41630.0
2025-03,C077,S3,P1,EUR,196.74,201972.5,201972.5,44,46,18584.0,18584.0,39820.0,39820.0
2025-04,C077,S3,P1,EUR,201.74,206619.58,206619.58,45,47,18988.0,18988.0,40725.0,40725.0
2025-05,C077,S3,P1,EUR,205.51,209704.27,209704.27,46,48,19392.0,19392.0,41630.0,41630.0
2025-06,C077,S3,P1,EUR,199.11,202989.29,202989.29,44,46,18584.0,18584.0,39820.0,39820.0
2025-07,C077,S3,P1,EUR,171.28,174534.54,174534.54,38,40,16160.0,16160.0,34390.0,34390.0
2025-08,C077,S3,P1,EUR,180.35,183644.39,183644.39,40,42,16968.0,16968.0,36200.0,36200.0
2025-09,C077,S3,P1,EUR,182.28,185710.13,185710.13,40,42,16968.0,16968.0,36200.0,36200.0
2025-10,C077,S3,P1,EUR,207.38,210576.51,210576.51,46,48,19392.0,19392.0,41630.0,41630.0
2025-11,C077,S3,P1,EUR,208.19,212414.28,212414.28,46,48,19392.0,19392.0,41630.0,41630.0
2025-12,C077,S3,P1,EUR,207.79,210621.55,210621.55,46,48,19392.0,19392.0,41630.0,41630.0
2024-01,C078,S1,P4,SEK,156.73,1985145.1,173291.88,38,34,149600.0,13059.23,381900.0,33337.7
2024-02,C078,S1,P4,SEK,160.74,2038395.88,178209.5,39,35,154000.0,13463.66,391950.0,34266.76
2024-03,C078,S1,P4,SEK,177.87,2254154.73,197523.22,44,39,171600.0,15036.67,442200.0,38748.35
2024-04,C078,S1,P4,SEK,178.67,2263922.38,197319.22,44,39,171600.0,14956.33,442200.0,38541.32
2024-05,C078,S1,P4,SEK,160.89,2043515.02,178789.91,39,35,154000.0,13473.67,391950.0,34292.24
2024-06,C078,S1,P4,SEK,162.47,2059112.81,180413.45,40,35,154000.0,13493.03,402000.0,35222.07
2024-07,C078,S1,P4,SEK,148.22,1867620.73,164736.77,36,32,140800.0,12419.51,361800.0,31913.2
2024-08,C078,S1,P4,SEK,146.88,1871855.14,163452.25,36,32,140800.0,12294.8,361800.0,31592.73
2024-09,C078,S1,P4,SEK,180.39,2279057.42,200040.15,44,39,171600.0,15061.88,442200.0,38813.31
2024-10,C078,S1,P4,SEK,184.55,2336465.93,204818.4,45,40,176000.0,15428.45,452250.0,39644.97
2024-11,C078,S1,P4,SEK,179.85,2277745.26,198522.27,44,39,171600.0,14956.2,442200.0,38540.99
2024-12,C078,S1,P4,SEK,185.81,2340870.05,204943.97,45,40,176000.0,15408.86,452250.0,39594.64
2025-01,C078,S1,P4,SEK,195.41,2527219.53,212321.43,48,42,194040.0,16302.05,496800.0,41738.08
2025-02,C078,S1,P4,SEK,176.93,2291854.41,193074.68,43,38,175560.0,14789.85,445050.0,37492.73
2025-03,C078,S1,P4,SEK,189.65,2454748.54,205836.85,46,41,189420.0,15883.34,476100.0,39922.18
2025-04,C078,S1,P4,SEK,184.25,2398597.21,202652.69,45,40,184800.0,15613.38,465750.0,39350.29
2025-05,C078,S1,P4,SEK,166.98,2176239.95,182665.48,41,36,166320.0,13960.28,424350.0,35618.36
2025-06,C078,S1,P4,SEK,172.46,2236970.91,188858.39,42,37,170940.0,14431.77,434700.0,36699.96
2025-07,C078,S1,P4,SEK,156.55,2023206.95,169997.39,38,34,157080.0,13198.45,393300.0,33046.53
2025-08,C078,S1,P4,SEK,180.93,2358996.52,200555.72,44,39,180180.0,15318.43,455400.0,38716.92
2025-09,C078,S1,P4,SEK,185.98,2419658.48,203093.71,46,40,184800.0,15511.16,476100.0,39961.39
2025-10,C078,S1,P4,SEK,191.46,2475284.45,208617.17,47,41,189420.0,15964.33,486450.0,40998.04
2025-11,C078,S1,P4,SEK,217.26,2805110.85,236365.16,53,47,217140.0,18296.72,548550.0,46222.1
2025-12,C078,S1,P4,SEK,176.42,2276422.46,192043.2,43,38,175560.0,14810.57,445050.0,37545.24
2024-01,C079,S4,P4,SEK,58.24,897959.59,78386.77,21,15,66000.0,5761.42,211050.0,18423.46
2024-02,C079,S4,P4,SEK,63.36,974290.83,85178.68,23,16,70400.0,6154.81,231150.0,20208.6
2024-03,C079,S4,P4,SEK,52.11,804684.26,70511.5,19,13,57200.0,5012.22,190950.0,16732.24
2024-04,C079,S4,P4,SEK,59.61,920069.28,80191.51,21,15,66000.0,5752.44,211050.0,18394.72
2024-05,C079,S4,P4,SEK,60.71,935426.22,81841.71,22,15,66000.0,5774.43,221100.0,19344.34
2024-06,C079,S4,P4,SEK,56.98,880831.17,77175.85,20,14,61600.0,5397.21,201000.0,17611.03
2024-07,C079,S4,P4,SEK,48.0,738579.06,65147.66,17,12,52800.0,4657.32,170850.0,15070.12
2024-08,C079,S4,P4,SEK,58.84,907540.59,79247.34,21,15,66000.0,5763.19,211050.0,18429.1
2024-09,C079,S4,P4,SEK,67.42,1043930.45,91629.11,24,17,74800.0,6565.43,241200.0,21170.89
2024-10,C079,S4,P4,SEK,65.97,1015582.19,89027.59,24,17,74800.0,6557.09,241200.0,21143.98
2024-11,C079,S4,P4,SEK,70.12,1078424.2,93992.61,25,18,79200.0,6902.86,251250.0,21898.29
2024-12,C079,S4,P4,SEK,62.3,966810.32,84644.57,22,16,70400.0,6163.54,221100.0,19357.38
2025-01,C079,S4,P4,SEK,52.53,833650.82,70038.21,19,13,60060.0,5045.87,196650.0,16521.32
2025-02,C079,S4,P4,SEK,51.6,808623.47,68121.57,19,13,60060.0,5059.69,196650.0,16566.56
2025-03,C079,S4,P4,SEK,57.21,904742.74,75864.96,21,15,69300.0,5810.98,217350.0,18225.35
2025-04,C079,S4,P4,SEK,60.0,946157.14,79938.93,22,15,69300.0,5855.02,227700.0,19237.92
2025-05,C079,S4,P4,SEK,58.57,915308.01,76827.55,21,15,69300.0,5816.78,217350.0,18243.55
2025-06,C079,S4,P4,SEK,52.17,826999.53,69820.22,19,13,60060.0,5070.62,196650.0,16602.36
2025-07,C079,S4,P4,SEK,54.07,851509.82,71547.03,19,14,64680.0,5434.65,196650.0,16523.27
2025-08,C079,S4,P4,SEK,52.67,835928.41,71068.45,19,13,60060.0,5106.14,196650.0,16718.67
2025-09,C079,S4,P4,SEK,63.0,991665.38,83235.3,23,16,73920.0,6204.47,238050.0,19980.69
2025-10,C079,S4,P4,SEK,63.61,1004754.58,84680.8,23,16,73920.0,6229.98,238050.0,20062.87
2025-11,C079,S4,P4,SEK,65.39,1029032.53,86708.67,23,17,78540.0,6617.96,238050.0,20058.65
2025-12,C079,S4,P4,SEK,62.21,986961.39,83261.88,22,16,73920.0,6236.03,227700.0,19209.19
2024-01,C080,S1,P2,EUR,111.92,118528.07,118528.07,26,31,11935.0,11935.0,22880.0,22880.0
2024-02,C080,S1,P2,EUR,114.71,121938.95,121938.95,26,32,12320.0,12320.0,22880.0,22880.0
2024-03,C080,S1,P2,EUR,114.62,121180.38,121180.38,26,32,12320.0,12320.0,22880.0,22880.0
2024-04,C080,S1,P2,EUR,112.7,119753.23,119753.23,26,31,11935.0,11935.0,22880.0,22880.0
2024-05,C080,S1,P2,EUR,115.49,122128.89,122128.89,27,32,12320.0,12320.0,23760.0,23760.0
2024-06,C080,S1,P2,EUR,116.92,124443.51,124443.51,27,33,12705.0,12705.0,23760.0,23760.0
2024-07,C080,S1,P2,EUR,85.09,90009.55,90009.55,20,24,9240.0,9240.0,17600.0,17600.0
2024-08,C080,S1,P2,EUR,99.19,104599.34,104599.34,23,28,10780.0,10780.0,20240.0,20240.0
2024-09,C080,S1,P2,EUR,119.69,127591.65,127591.65,27,33,12705.0,12705.0,23760.0,23760.0
2024-10,C080,S1,P2,EUR,124.84,131879.53,131879.53,29,35,13475.0,13475.0,25520.0,25520.0
2024-11,C080,S1,P2,EUR,122.57,130011.68,130011.68,28,34,13090.0,13090.0,24640.0,24640.0
2024-12,C080,S1,P2,EUR,120.33,128225.67,128225.67,28,34,13090.0,13090.0,24640.0,24640.0
2025-01,C080,S1,P2,EUR,111.19,120314.88,120314.88,26,31,12524.0,12524.0,23530.0,23530.0
2025-02,C080,S1,P2,EUR,123.77,134204.92,134204.92,28,35,14140.0,14140.0,25340.0,25340.0
2025-03,C080,S1,P2,EUR,121.2,131107.05,131107.05,28,34,13736.0,13736.0,25340.0,25340.0
2025-04,C080,S1,P2,EUR,107.85,116716.15,116716.15,25,30,12120.0,12120.0,22625.0,22625.0
2025-05,C080,S1,P2,EUR,125.74,136197.66,136197.66,29,35,14140.0,14140.0,26245.0,26245.0
2025-06,C080,S1,P2,EUR,126.64,137179.78,137179.78,29,35,14140.0,14140.0,26245.0,26245.0
2025-07,C080,S1,P2,EUR,89.33,96495.0,96495.0,21,25,10100.0,10100.0,19005.0,19005.0
2025-08,C080,S1,P2,EUR,110.3,119702.68,119702.68,25,31,12524.0,12524.0,22625.0,22625.0
2025-09,C080,S1,P2,EUR,124.58,134928.12,134928.12,29,35,14140.0,14140.0,26245.0,26245.0
2025-10,C080,S1,P2,EUR,130.55,142201.89,142201.89,30,36,14544.0,14544.0,27150.0,27150.0
2025-11,C080,S1,P2,EUR,142.99,156091.6,156091.6,33,40,16160.0,16160.0,29865.0,29865.0
2025-12,C080,S1,P2,EUR,119.27,128973.41,128973.41,27,33,13332.0,13332.0,24435.0,24435.0
